road_link_id,from_node_id,to_node_id,volume,
1,1,547,4928.000,
2,2,548,6657.000,
3,3,549,10029.000,
4,4,550,9377.000,
5,5,551,17149.000,
6,6,552,6378.000,
7,7,553,9814.000,
8,8,554,9171.000,
9,9,555,6628.000,
10,10,556,13745.000,
11,11,557,10465.000,
12,12,558,6910.000,
13,13,559,9328.000,
14,14,560,14685.000,
15,15,561,8865.000,
16,16,562,10230.000,
17,17,563,9032.000,
18,18,564,9238.000,
19,19,565,2579.000,
20,20,566,7634.000,
21,21,567,4630.000,
22,22,568,3312.000,
23,23,569,12586.000,
24,24,570,5935.000,
25,25,571,5912.000,
26,26,572,12851.000,
27,27,573,7671.000,
28,28,574,8622.000,
29,29,575,14489.000,
30,30,576,5333.000,
31,31,577,7760.000,
32,32,578,7813.000,
33,33,579,4646.000,
34,34,580,6382.000,
35,35,581,5078.000,
36,36,582,6021.000,
37,37,583,1086.000,
38,38,584,2137.000,
39,39,585,6645.000,
40,40,586,1786.000,
41,41,587,7980.000,
42,42,588,2039.000,
43,43,589,5184.000,
44,44,590,7044.000,
45,45,591,6160.000,
46,46,592,6488.000,
47,47,593,2830.000,
48,48,594,4904.000,
49,49,595,3437.000,
50,50,596,4683.000,
51,51,597,1526.000,
52,52,598,1991.000,
53,53,599,4603.000,
54,54,600,1182.000,
55,55,601,1698.000,
56,56,602,4193.000,
57,57,603,1572.000,
58,58,604,5874.000,
59,59,605,5136.000,
60,60,606,5053.000,
61,61,607,5162.000,
62,62,608,5390.000,
63,63,609,3635.000,
64,64,610,9026.000,
65,65,611,3391.000,
66,66,612,6114.000,
67,67,613,3789.000,
68,68,614,6446.000,
69,69,615,6190.000,
70,70,616,4422.000,
71,71,617,3914.000,
72,72,618,7230.000,
73,73,619,7611.000,
74,74,620,2595.000,
75,75,621,2632.000,
76,76,622,5892.000,
77,77,623,7913.000,
78,78,624,6753.000,
79,79,625,3774.000,
80,80,626,10225.000,
81,81,627,8258.000,
82,82,628,5670.000,
83,83,629,4204.000,
84,84,630,6353.000,
85,85,631,13196.000,
86,86,632,5207.000,
87,87,633,5875.000,
88,88,634,4481.000,
89,89,635,2274.000,
90,90,636,2141.000,
91,91,637,6984.000,
92,92,638,1652.000,
93,93,639,4266.000,
94,94,640,400.000,
95,95,641,2660.000,
96,96,642,511.000,
97,97,643,6221.000,
98,98,644,8338.000,
99,99,645,4439.000,
100,100,646,3501.000,
101,101,647,3072.000,
102,102,648,3591.000,
103,103,649,1659.000,
104,104,650,3006.000,
105,105,651,904.000,
106,106,652,3777.000,
107,107,653,3544.000,
108,108,654,3686.000,
109,109,655,2944.000,
110,110,656,5579.000,
111,111,657,5380.000,
112,112,658,3585.000,
113,113,659,3708.000,
114,114,660,2096.000,
115,115,661,3979.000,
116,116,662,2297.000,
117,117,663,760.000,
118,118,664,4202.000,
119,119,665,1207.000,
120,120,666,1447.000,
121,121,667,3702.000,
122,122,668,1878.000,
123,123,669,4203.000,
124,124,670,1734.000,
125,125,671,2137.000,
126,126,672,449.000,
127,127,673,2052.000,
128,128,674,809.000,
129,129,675,3754.000,
130,130,676,2904.000,
131,131,677,4910.000,
132,132,678,3876.000,
133,133,679,5114.000,
134,134,680,3269.000,
135,135,681,5391.000,
136,136,682,6293.000,
137,137,683,2264.000,
138,138,684,1397.000,
139,139,685,1552.000,
140,140,686,1032.000,
141,141,687,5194.000,
142,142,688,5008.000,
143,143,689,3975.000,
144,144,690,2988.000,
145,145,691,7089.000,
146,146,692,6829.000,
147,147,693,6169.000,
148,148,694,6549.000,
149,149,695,4070.000,
150,150,696,1391.000,
151,151,697,1630.000,
152,152,698,2369.000,
153,153,699,4333.000,
154,154,700,5022.000,
155,155,701,4359.000,
156,156,702,4238.000,
157,157,703,5747.000,
158,158,704,6133.000,
159,159,705,4481.000,
160,160,706,4965.000,
161,161,707,1667.000,
162,162,708,580.000,
163,163,709,360.000,
164,164,710,2390.000,
165,165,711,404.000,
166,166,712,2324.000,
167,167,713,1084.000,
168,168,714,220.000,
169,169,715,501.000,
170,170,716,5167.000,
171,171,717,1017.000,
172,172,718,2949.000,
173,173,719,540.000,
174,174,720,289.000,
175,175,721,1171.000,
176,176,722,743.000,
177,177,723,368.000,
178,178,724,2486.000,
179,179,725,1689.000,
180,180,726,262.000,
181,181,727,597.000,
182,182,728,2203.000,
183,183,729,1142.000,
184,184,730,1400.000,
185,185,731,887.000,
186,186,732,427.000,
187,187,733,883.000,
188,188,734,2951.000,
189,189,735,3512.000,
190,190,736,4838.000,
191,191,737,3726.000,
192,192,738,1179.000,
193,193,739,120.000,
194,194,740,1231.000,
195,195,741,833.000,
196,196,742,671.000,
197,197,743,687.000,
198,198,744,2410.000,
199,199,745,2942.000,
200,200,746,2504.000,
201,201,747,1047.000,
202,202,748,1588.000,
203,203,749,1476.000,
204,204,750,1893.000,
205,205,751,1972.000,
206,206,752,650.000,
207,207,753,1939.000,
208,208,754,1431.000,
209,209,755,4385.000,
210,210,756,6044.000,
211,211,757,2027.000,
212,212,758,446.000,
213,213,759,83.000,
214,214,760,1355.000,
215,215,761,159.000,
216,216,762,1236.000,
217,217,763,1675.000,
218,218,764,1299.000,
219,219,765,3965.000,
220,220,766,4321.000,
221,221,767,2449.000,
222,222,768,2787.000,
223,223,769,784.000,
224,224,770,1357.000,
225,225,771,1007.000,
226,226,772,2046.000,
227,227,773,980.000,
228,228,774,2150.000,
229,229,775,2275.000,
230,230,776,2934.000,
231,231,777,3136.000,
232,232,778,3852.000,
233,233,779,3965.000,
234,234,780,906.000,
235,235,781,206.000,
236,236,782,330.000,
237,237,783,766.000,
238,238,784,252.000,
239,239,785,507.000,
240,240,786,297.000,
241,241,787,1141.000,
242,242,788,319.000,
243,243,789,562.000,
244,244,790,1841.000,
245,245,791,843.000,
246,246,792,1130.000,
247,247,793,1001.000,
248,248,794,326.000,
249,249,795,2348.000,
250,250,796,552.000,
251,251,797,236.000,
252,252,798,597.000,
253,253,799,1341.000,
254,254,800,863.000,
255,255,801,265.000,
256,256,802,430.000,
257,257,803,1429.000,
258,258,804,1647.000,
259,259,805,2959.000,
260,260,806,1472.000,
261,261,807,1203.000,
262,262,808,1338.000,
263,263,809,868.000,
264,264,810,302.000,
265,265,811,84.000,
266,266,812,95.000,
267,267,813,3093.000,
268,268,814,1872.000,
269,269,815,1290.000,
270,270,816,956.000,
271,271,817,404.000,
272,272,818,513.000,
273,273,819,1362.000,
274,274,820,151.000,
275,275,821,1240.000,
276,276,822,470.000,
277,277,823,1347.000,
278,278,824,1048.000,
279,279,825,1262.000,
280,280,826,592.000,
281,281,827,289.000,
282,282,828,143.000,
283,283,829,1920.000,
284,284,830,396.000,
285,285,831,605.000,
286,286,832,250.000,
287,287,833,3411.000,
288,288,834,5195.000,
289,289,835,1014.000,
290,290,836,790.000,
291,291,837,739.000,
292,292,838,644.000,
293,293,839,550.000,
294,294,840,608.000,
295,295,841,774.000,
296,296,842,1157.000,
297,297,843,845.000,
298,298,844,436.000,
299,299,845,841.000,
300,300,846,349.000,
301,301,847,445.000,
302,302,848,191.000,
303,303,849,1520.000,
304,304,850,600.000,
305,305,851,1312.000,
306,306,852,173.000,
307,307,853,293.000,
308,308,854,292.000,
309,309,855,868.000,
310,310,856,69.000,
311,311,857,64.000,
312,312,858,452.000,
313,313,859,175.000,
314,314,860,448.000,
315,315,861,62.000,
316,316,862,683.000,
317,317,863,146.000,
318,318,864,950.000,
319,319,865,931.000,
320,320,866,2805.000,
321,321,867,362.000,
322,322,868,507.000,
323,323,869,105.000,
324,324,870,171.000,
325,325,871,76.000,
326,326,872,85.000,
327,327,873,52.000,
328,328,874,514.000,
329,329,875,603.000,
330,330,876,217.000,
331,331,877,1375.000,
332,332,878,833.000,
333,333,879,70.000,
334,334,880,156.000,
335,335,881,523.000,
336,336,882,47.000,
337,337,883,59.000,
338,338,884,304.000,
339,339,885,85.000,
340,340,886,539.000,
341,341,887,63.000,
342,342,888,243.000,
343,343,889,113.000,
344,344,890,124.000,
345,345,891,538.000,
346,346,892,2274.000,
347,347,893,298.000,
348,348,894,338.000,
349,349,895,129.000,
350,350,896,201.000,
351,351,897,1750.000,
352,352,898,601.000,
353,353,899,294.000,
354,354,900,225.000,
355,355,901,189.000,
356,356,902,13664.000,
357,357,903,11491.000,
358,358,904,4061.000,
359,359,905,5270.000,
360,360,906,4136.000,
361,361,907,901.000,
362,362,908,2567.000,
363,363,909,535.000,
364,364,910,473.000,
365,365,911,845.000,
366,366,912,174.000,
367,367,913,2415.000,
368,368,914,1129.000,
369,369,915,284.000,
370,370,916,572.000,
371,371,917,538.000,
372,372,918,585.000,
373,373,919,1191.000,
374,374,920,1452.000,
375,375,921,875.000,
376,376,922,5482.000,
377,377,923,1661.000,
378,378,924,189.000,
379,379,925,1280.000,
380,380,926,484.000,
381,381,927,1903.000,
382,382,928,1555.000,
383,383,929,724.000,
384,384,930,0.000,
385,385,931,157.000,
386,386,932,22.000,
387,387,933,5837.000,
388,388,390,1449.378,
389,388,391,1398.088,
390,388,708,281.465,
391,388,802,171.381,
392,389,390,85.518,
393,389,801,173.991,
394,389,914,229.902,
395,390,388,1327.366,
396,390,389,74.531,
397,390,925,1413.000,
398,391,388,1405.257,
399,391,392,1366.122,
400,391,709,168.911,
401,391,715,226.275,
402,392,391,1342.842,
403,392,393,1308.932,
404,392,713,444.204,
405,392,717,681.125,
406,393,392,1312.039,
407,393,394,1200.857,
408,393,712,1891.617,
409,393,716,2384.817,
410,394,393,1237.912,
411,394,395,2203.988,
412,394,584,583.821,
413,394,601,837.396,
414,395,394,1377.667,
415,395,396,1230.011,
416,395,584,738.961,
417,395,600,1602.647,
418,396,395,761.615,
419,396,397,1230.011,
420,397,396,761.615,
421,397,398,1072.199,
422,397,588,1026.473,
423,397,604,2728.542,
424,398,397,524.690,
425,398,399,2215.109,
426,398,400,870.255,
427,398,403,1136.807,
428,399,398,1140.264,
429,399,537,5430.368,
430,399,604,4206.427,
431,399,609,3979.571,
432,400,398,1497.790,
433,400,401,558.469,
434,400,587,2318.722,
435,400,609,2535.322,
436,401,400,1053.995,
437,401,402,0.000,
438,401,585,2372.264,
439,401,590,4427.435,
440,402,401,0.000,
441,403,398,1036.606,
442,403,404,2757.540,
443,403,606,2595.531,
444,403,611,4772.074,
445,404,403,2008.635,
446,404,405,4909.372,
447,404,675,2548.941,
448,404,680,4542.665,
449,405,404,3800.822,
450,405,406,961.254,
451,405,488,5132.271,
452,406,405,2180.445,
453,406,407,1188.554,
454,406,677,2851.848,
455,406,682,5132.364,
456,407,406,1764.826,
457,407,408,1609.774,
458,407,687,3266.404,
459,407,692,4858.736,
460,408,407,1671.033,
461,408,409,1200.841,
462,408,689,2430.071,
463,408,694,6678.569,
464,409,408,2243.895,
465,409,410,1322.638,
466,409,538,1616.119,
467,409,539,4252.872,
468,410,409,2795.734,
469,410,411,1012.094,
470,410,690,2918.235,
471,410,700,3367.429,
472,411,410,1785.460,
473,411,412,454.499,
474,411,685,2247.472,
475,411,695,2723.439,
476,412,411,860.936,
477,412,413,454.499,
478,413,412,860.936,
479,413,414,561.596,
480,413,730,2464.955,
481,413,734,2259.547,
482,414,413,894.932,
483,414,415,323.035,
484,414,731,1375.099,
485,414,735,1937.339,
486,415,414,698.246,
487,415,416,447.689,
488,415,727,339.350,
489,415,733,611.129,
490,416,415,934.772,
491,416,417,471.802,
492,416,726,262.019,
493,416,732,145.511,
494,417,416,856.065,
495,417,732,275.000,
496,417,913,378.022,
497,417,926,371.000,
498,418,419,1581.681,
499,418,921,583.897,
500,418,922,1007.131,
501,418,923,1517.000,
502,419,418,1374.184,
503,419,420,1621.667,
504,419,739,266.363,
505,419,743,445.222,
506,420,419,1264.782,
507,420,421,2054.121,
508,420,751,868.917,
509,420,752,683.103,
510,421,420,1303.125,
511,421,422,3086.203,
512,421,753,1788.645,
513,421,754,1186.963,
514,422,421,1501.947,
515,422,423,2910.889,
516,422,762,1853.759,
517,422,766,1573.255,
518,423,422,1470.352,
519,423,424,2744.044,
520,423,764,1318.088,
521,423,767,1004.086,
522,424,423,1435.845,
523,424,425,2970.891,
524,424,773,1355.135,
525,424,777,1129.308,
526,425,424,1518.285,
527,425,426,3779.954,
528,425,775,2054.451,
529,425,779,2007.362,
530,426,425,1900.031,
531,426,427,2886.968,
532,426,441,1021.894,
533,427,426,1421.850,
534,427,428,297.826,
535,427,594,7411.757,
536,427,779,2326.725,
537,428,427,152.219,
538,428,429,168.466,
539,428,431,423.564,
540,429,428,208.352,
541,429,430,0.000,
542,429,593,3511.911,
543,429,778,1662.880,
544,430,429,0.000,
545,431,428,238.072,
546,431,432,793.713,
547,431,593,1388.946,
548,431,597,807.033,
549,432,431,723.258,
550,432,433,676.912,
551,432,595,1867.988,
552,432,599,2031.136,
553,433,432,522.891,
554,433,434,1168.018,
555,433,616,2106.846,
556,433,617,1939.000,
557,434,433,942.630,
558,434,435,1031.625,
559,434,618,2460.768,
560,434,619,3297.352,
561,435,434,1026.538,
562,435,436,2247.577,
563,435,552,5590.155,
564,435,554,5765.033,
565,436,435,2306.867,
566,436,437,1129.979,
567,436,496,3496.167,
568,437,436,1257.157,
569,437,438,2896.607,
570,437,554,3232.706,
571,437,556,4484.241,
572,438,437,2888.611,
573,438,439,1311.470,
574,438,535,680.357,
575,438,536,2125.382,
576,438,540,3020.130,
577,439,438,2490.871,
578,439,440,1220.130,
579,439,614,4881.123,
580,439,615,5516.624,
581,440,439,2156.061,
582,440,441,668.503,
583,440,612,2899.184,
584,440,613,2547.667,
585,441,426,607.089,
586,441,440,1075.912,
587,441,591,2795.568,
588,441,596,3718.681,
589,442,443,626.226,
590,442,898,94.020,
591,442,899,61.587,
592,442,929,653.000,
593,443,442,557.731,
594,443,444,508.471,
595,443,897,1048.461,
596,443,898,314.772,
597,444,443,448.529,
598,444,445,508.471,
599,445,444,448.529,
600,445,446,635.309,
601,445,885,168.421,
602,445,886,129.144,
603,446,445,567.531,
604,446,447,1008.274,
605,446,858,493.682,
606,446,859,117.734,
607,447,446,750.405,
608,447,448,649.985,
609,447,848,219.003,
610,447,849,623.291,
611,448,447,441.236,
612,448,449,811.364,
613,448,664,1307.003,
614,448,665,1112.160,
615,449,448,573.531,
616,449,450,1059.345,
617,449,662,1036.976,
618,449,663,1210.189,
619,450,449,661.908,
620,450,451,1903.275,
621,450,453,1351.748,
622,450,508,941.332,
623,451,450,1242.556,
624,451,452,2822.412,
625,451,654,1792.290,
626,451,655,2641.904,
627,452,451,1928.194,
628,452,525,3465.031,
629,452,652,2592.430,
630,452,654,2830.949,
631,453,450,1754.626,
632,453,454,1218.804,
633,453,650,934.750,
634,453,841,742.585,
635,454,453,1455.288,
636,454,455,1309.220,
637,454,838,520.867,
638,454,840,527.463,
639,455,454,1464.963,
640,455,456,1351.216,
641,455,833,1077.615,
642,455,835,945.879,
643,456,455,1531.614,
644,456,457,1447.677,
645,456,834,1736.484,
646,456,836,1338.634,
647,457,456,1842.480,
648,457,458,1282.328,
649,457,829,717.224,
650,457,831,941.027,
651,458,457,1760.569,
652,458,459,1638.670,
653,458,467,819.460,
654,458,468,1617.728,
655,459,458,2273.119,
656,459,460,1690.309,
657,459,832,390.693,
658,459,845,129.772,
659,460,459,2306.643,
660,460,461,1698.123,
661,460,872,559.970,
662,460,875,434.284,
663,461,460,2190.990,
664,461,462,1630.529,
665,461,874,622.473,
666,461,877,433.325,
667,462,461,1954.325,
668,462,873,40.399,
669,462,876,124.654,
670,462,927,1569.000,
671,463,464,1555.000,
672,463,928,1728.000,
673,464,463,1728.000,
674,464,465,1562.522,
675,464,883,38.231,
676,464,884,27.051,
677,465,464,1720.420,
678,465,466,1577.642,
679,465,862,354.028,
680,465,881,269.523,
681,466,465,1503.117,
682,466,467,959.262,
683,466,855,1284.759,
684,466,862,403.230,
685,467,458,1085.564,
686,467,466,758.109,
687,467,845,1219.850,
688,467,855,949.714,
689,468,458,1195.417,
690,468,469,1871.184,
691,468,829,620.873,
692,468,830,613.704,
693,469,468,1327.031,
694,469,470,1944.301,
695,469,819,438.635,
696,469,824,418.357,
697,470,469,1318.758,
698,470,471,2234.141,
699,470,817,416.297,
700,470,822,305.494,
701,471,470,1402.866,
702,471,472,2571.209,
703,471,815,384.409,
704,471,816,543.784,
705,472,471,1487.831,
706,472,473,4264.941,
707,472,813,904.154,
708,472,815,1332.442,
709,473,472,2093.376,
710,473,474,1601.843,
711,473,475,3069.195,
712,473,707,1237.722,
713,473,813,1209.491,
714,474,473,639.059,
715,474,538,1898.731,
716,474,701,2389.145,
717,474,706,4007.473,
718,475,473,1384.104,
719,475,476,1587.353,
720,475,706,1486.038,
721,475,707,1583.354,
722,476,475,699.677,
723,476,477,3098.883,
724,476,705,2583.103,
725,476,707,1907.517,
726,477,476,1631.579,
727,477,478,4196.792,
728,477,503,2949.059,
729,477,504,1607.093,
730,478,477,2170.049,
731,478,479,3177.083,
732,478,633,4176.715,
733,478,703,4847.090,
734,479,478,1722.919,
735,479,480,3319.195,
736,479,629,4071.037,
737,479,693,6648.214,
738,480,479,3102.729,
739,480,481,1422.601,
740,480,483,2776.823,
741,480,484,4471.409,
742,480,486,4712.928,
743,481,480,1598.977,
744,481,482,0.000,
745,481,483,3221.969,
746,481,691,2821.946,
747,482,481,0.000,
748,483,480,3355.857,
749,483,481,3521.528,
750,483,539,1846.823,
751,483,693,5425.359,
752,484,480,3741.001,
753,484,485,2676.151,
754,484,627,6576.884,
755,484,629,3155.953,
756,485,484,2515.409,
757,485,489,2166.323,
758,485,626,6269.434,
759,485,628,4395.289,
760,486,480,4471.471,
761,486,535,3811.639,
762,486,627,7748.508,
763,486,691,4870.438,
764,487,488,1358.373,
765,487,535,3510.361,
766,487,681,6166.173,
767,487,682,4959.251,
768,488,405,2804.522,
769,488,487,2240.051,
770,488,680,4048.739,
771,488,682,5424.662,
772,489,485,2366.088,
773,489,490,1764.027,
774,489,630,4047.456,
775,489,631,2870.528,
776,490,489,2129.458,
777,490,491,1064.932,
778,490,557,4309.669,
779,490,631,4840.739,
780,491,490,655.340,
781,491,492,1088.226,
782,491,558,3431.469,
783,491,559,2604.594,
784,492,491,693.965,
785,492,493,2639.050,
786,492,561,4131.263,
787,492,562,3096.721,
788,493,492,2210.181,
789,493,494,7785.254,
790,493,497,6646.876,
791,493,562,8995.722,
792,493,564,7656.950,
793,494,493,8715.831,
794,494,495,4131.137,
795,494,561,7355.234,
796,494,563,7914.271,
797,495,494,5480.429,
798,495,496,2714.839,
799,495,551,4136.531,
800,495,560,4804.758,
801,496,436,3428.274,
802,496,495,3320.694,
803,496,553,5828.645,
804,496,556,6856.965,
805,497,493,9941.486,
806,497,498,6646.876,
807,498,497,9941.486,
808,498,499,1452.626,
809,498,533,5610.325,
810,499,498,2053.270,
811,499,500,1582.211,
812,499,567,9505.271,
813,499,569,7319.165,
814,500,499,2070.232,
815,500,501,1049.280,
816,500,566,8942.908,
817,500,570,6262.829,
818,501,500,1572.099,
819,501,502,641.792,
820,501,571,2548.197,
821,501,636,4066.135,
822,502,501,1205.839,
823,502,503,1131.579,
824,502,632,3643.918,
825,502,634,1809.635,
826,503,477,2740.507,
827,503,502,1790.976,
828,503,504,2015.732,
829,503,633,2233.091,
830,504,477,2375.081,
831,504,503,3656.543,
832,504,505,2105.583,
833,504,635,2333.479,
834,505,504,3746.805,
835,505,506,917.953,
836,505,634,4314.514,
837,505,639,3023.277,
838,506,505,1694.299,
839,506,507,1121.655,
840,506,639,3694.997,
841,506,644,2646.685,
842,507,506,2138.729,
843,507,508,539.076,
844,507,578,731.008,
845,507,646,1736.880,
846,508,450,801.737,
847,508,507,1099.761,
848,508,509,1477.465,
849,509,508,1898.554,
850,509,510,1384.097,
851,509,659,3729.779,
852,509,667,2737.902,
853,510,509,1392.479,
854,510,511,1385.512,
855,510,658,2784.843,
856,510,666,1955.657,
857,511,510,1414.297,
858,511,512,1296.330,
859,511,521,158.674,
860,511,522,172.968,
861,512,511,1304.449,
862,512,513,537.132,
863,512,661,1864.848,
864,512,670,628.809,
865,513,512,591.593,
866,513,514,386.176,
867,513,902,2045.932,
868,513,905,893.044,
869,514,513,409.941,
870,514,515,362.666,
871,514,903,1276.893,
872,514,905,1103.148,
873,515,514,552.133,
874,515,516,340.112,
875,515,534,230.162,
876,515,544,570.226,
877,515,932,25.000,
878,516,515,451.652,
879,516,517,73.566,
880,516,903,2190.399,
881,516,906,1878.325,
882,517,516,162.210,
883,517,518,6.148,
884,517,908,252.043,
885,517,909,82.333,
886,518,517,19.548,
887,518,911,70.066,
888,518,912,56.648,
889,518,930,0.000,
890,519,520,0.000,
891,519,521,342.564,
892,519,668,1177.343,
893,519,670,828.722,
894,520,519,0.000,
895,521,511,286.566,
896,521,519,288.399,
897,521,666,794.019,
898,521,670,564.942,
899,522,511,65.741,
900,522,523,172.968,
901,523,522,65.741,
902,523,530,734.350,
903,523,545,382.826,
904,524,525,1082.897,
905,524,545,1731.380,
906,524,578,3379.902,
907,524,647,2400.872,
908,525,452,2143.228,
909,525,524,2026.656,
910,525,652,2799.193,
911,525,657,2934.594,
912,526,527,3148.222,
913,526,528,4634.502,
914,526,541,1425.413,
915,526,546,1391.000,
916,527,526,3697.801,
917,527,542,1132.606,
918,527,543,5173.639,
919,527,546,1633.836,
920,528,526,3930.281,
921,528,529,3243.418,
922,528,573,5945.021,
923,528,575,3331.243,
924,529,528,2399.592,
925,529,530,1033.535,
926,529,531,5977.399,
927,530,523,341.511,
928,530,529,2770.055,
929,530,575,3412.181,
930,530,577,2740.520,
931,531,529,3397.045,
932,531,532,11109.339,
933,531,573,3488.993,
934,531,574,2391.005,
935,532,531,6008.745,
936,532,533,7101.571,
937,532,569,7410.723,
938,532,574,4085.901,
939,533,498,8304.292,
940,533,532,4574.706,
941,533,568,4307.597,
942,533,569,4763.329,
943,534,515,411.033,
944,534,543,5444.231,
945,534,933,5468.000,
946,535,438,1097.508,
947,535,486,4189.423,
948,535,487,2715.427,
949,536,438,3103.997,
950,536,537,1983.831,
951,536,615,684.165,
952,537,399,3214.106,
953,537,536,2919.993,
954,537,608,2122.320,
955,537,610,7927.397,
956,538,409,3516.999,
957,538,474,762.201,
958,538,699,4082.982,
959,538,704,3101.808,
960,539,409,1921.948,
961,539,483,4143.289,
962,539,694,6235.240,
963,539,704,2776.172,
964,540,438,436.971,
965,540,583,7002.000,
966,540,622,775.951,
967,541,526,1337.215,
968,541,582,4060.938,
969,541,902,2100.336,
970,542,527,1430.380,
971,542,902,9537.882,
972,542,903,5606.000,
973,543,527,5668.284,
974,543,534,5256.103,
975,543,903,845.689,
976,544,515,470.283,
977,544,903,3272.794,
978,544,904,2096.747,
979,545,523,668.439,
980,545,524,838.518,
981,545,577,3939.923,
982,545,580,2723.436,
983,546,526,1633.836,
984,546,527,1391.000,
985,547,1,3449.000,
986,547,548,3269.459,
987,547,549,4953.591,
988,547,621,3344.101,
989,548,2,4892.000,
990,548,547,2889.357,
991,548,550,4892.499,
992,548,552,3741.995,
993,548,618,5054.904,
994,549,3,7734.000,
995,549,547,3996.333,
996,549,550,5976.509,
997,549,551,6212.208,
998,550,4,7885.000,
999,550,548,4298.947,
1000,550,549,5111.017,
1001,550,551,10076.547,
1002,550,552,3269.855,
1003,550,553,5554.700,
1004,550,560,5480.926,
1005,551,5,15253.000,
1006,551,495,3258.569,
1007,551,549,3825.448,
1008,551,550,6915.132,
1009,551,563,20387.045,
1010,552,6,6784.000,
1011,552,435,5499.225,
1012,552,548,2961.300,
1013,552,550,3399.249,
1014,552,553,7553.257,
1015,552,618,3872.241,
1016,552,619,6394.995,
1017,553,7,8422.000,
1018,553,496,5412.459,
1019,553,550,5948.986,
1020,553,552,7894.918,
1021,553,560,8258.354,
1022,554,8,7315.000,
1023,554,435,5791.597,
1024,554,437,3380.911,
1025,554,614,4162.165,
1026,554,619,4211.742,
1027,554,622,2360.418,
1028,554,625,5956.095,
1029,555,9,6424.000,
1030,555,556,5433.975,
1031,555,622,4804.336,
1032,555,624,8241.758,
1033,555,625,7693.801,
1034,556,10,10422.000,
1035,556,437,4471.218,
1036,556,496,7811.112,
1037,556,555,6768.632,
1038,556,557,7045.874,
1039,556,560,7685.845,
1040,556,624,2970.767,
1041,557,11,8135.000,
1042,557,490,3353.764,
1043,557,556,7360.933,
1044,557,558,7500.325,
1045,557,559,8713.154,
1046,557,624,3477.471,
1047,557,630,6997.176,
1048,558,12,6362.000,
1049,558,491,3402.815,
1050,558,557,5813.886,
1051,558,560,7146.214,
1052,558,561,6546.829,
1053,559,13,10283.000,
1054,559,491,2617.917,
1055,559,557,6719.757,
1056,559,562,11074.255,
1057,559,566,5053.403,
1058,559,631,2689.808,
1059,560,14,12530.000,
1060,560,495,6426.151,
1061,560,550,5167.596,
1062,560,553,7186.131,
1063,560,556,6746.197,
1064,560,558,7412.846,
1065,560,561,9526.099,
1066,561,15,9581.000,
1067,561,492,5026.595,
1068,561,494,10865.798,
1069,561,558,4017.110,
1070,561,560,6933.928,
1071,562,16,22251.000,
1072,562,492,2236.000,
1073,562,493,7198.710,
1074,562,559,5728.471,
1075,562,563,8080.243,
1076,562,567,6605.462,
1077,563,17,22116.000,
1078,563,494,3985.010,
1079,563,551,12064.915,
1080,563,562,6915.228,
1081,563,564,13391.343,
1082,564,18,17691.000,
1083,564,493,4799.893,
1084,564,563,13058.928,
1085,564,565,9858.975,
1086,565,19,4993.000,
1087,565,564,15122.500,
1088,565,568,6374.973,
1089,565,569,2008.318,
1090,566,20,7020.000,
1091,566,500,6826.363,
1092,566,559,6980.903,
1093,566,567,4733.864,
1094,566,631,4564.779,
1095,567,21,4871.000,
1096,567,499,5893.756,
1097,567,562,11787.943,
1098,567,566,2921.904,
1099,568,22,4745.000,
1100,568,533,3022.420,
1101,568,565,12297.339,
1102,568,574,5623.567,
1103,569,23,15270.000,
1104,569,499,11043.316,
1105,569,532,4244.055,
1106,569,533,6215.601,
1107,569,565,3763.471,
1108,569,570,4165.811,
1109,569,572,2597.791,
1110,569,573,2628.717,
1111,570,24,6789.000,
1112,570,500,8344.572,
1113,570,569,5369.923,
1114,570,571,2146.728,
1115,570,572,4088.381,
1116,571,25,6576.000,
1117,571,501,3782.432,
1118,571,570,3219.340,
1119,571,572,5188.144,
1120,571,631,4597.740,
1121,571,632,3961.708,
1122,571,634,1505.827,
1123,571,637,4208.158,
1124,572,26,12425.000,
1125,572,569,4881.202,
1126,572,570,7155.623,
1127,572,571,5795.679,
1128,572,573,5473.674,
1129,572,576,4896.142,
1130,572,637,2211.458,
1131,573,27,6221.000,
1132,573,528,4624.098,
1133,573,531,7180.410,
1134,573,569,5590.091,
1135,573,572,6007.438,
1136,573,577,2911.053,
1137,574,28,10292.000,
1138,574,531,1219.842,
1139,574,532,4678.835,
1140,574,568,11693.752,
1141,574,575,5879.554,
1142,575,29,13070.000,
1143,575,528,4791.776,
1144,575,530,2098.310,
1145,575,574,13041.511,
1146,575,580,2820.740,
1147,575,581,3699.848,
1148,576,30,4380.000,
1149,576,572,9197.952,
1150,576,577,2238.502,
1151,576,578,1804.881,
1152,576,637,4500.216,
1153,576,643,4207.485,
1154,577,31,4403.000,
1155,577,530,5398.080,
1156,577,545,2528.240,
1157,577,573,7326.690,
1158,577,576,3234.798,
1159,577,578,3474.752,
1160,578,32,4941.000,
1161,578,507,634.002,
1162,578,524,1876.564,
1163,578,576,3512.438,
1164,578,577,6775.562,
1165,578,579,2047.642,
1166,578,580,2710.225,
1167,578,643,6634.736,
1168,578,645,2921.961,
1169,579,33,3278.000,
1170,579,578,3302.377,
1171,579,580,4676.518,
1172,579,582,2149.076,
1173,579,647,2726.188,
1174,579,656,2824.555,
1175,580,34,4843.000,
1176,580,545,3527.864,
1177,580,575,6120.649,
1178,580,578,2852.132,
1179,580,579,2674.606,
1180,580,581,873.408,
1181,580,582,2622.584,
1182,581,35,3959.000,
1183,581,575,6289.555,
1184,581,580,749.995,
1185,581,582,2088.414,
1186,582,36,5958.000,
1187,582,541,2709.274,
1188,582,579,2239.947,
1189,582,580,3451.328,
1190,582,581,3435.709,
1191,582,660,1945.460,
1192,583,37,7002.000,
1193,583,540,1086.000,
1194,584,38,2323.000,
1195,584,394,461.663,
1196,584,395,844.338,
1197,584,586,1552.842,
1198,584,588,2570.786,
1199,584,605,1662.528,
1200,584,710,512.900,
1201,584,712,970.269,
1202,584,768,577.249,
1203,584,808,402.595,
1204,585,39,4445.000,
1205,585,401,4647.808,
1206,585,586,1131.751,
1207,585,587,6264.581,
1208,585,771,1488.155,
1209,586,40,960.000,
1210,586,584,961.976,
1211,586,585,2718.690,
1212,586,588,1960.811,
1213,586,772,1171.088,
1214,587,41,11082.000,
1215,587,400,3565.770,
1216,587,585,2727.598,
1217,587,588,1057.823,
1218,587,592,5386.089,
1219,587,604,4849.879,
1220,588,42,1258.000,
1221,588,397,2661.623,
1222,588,584,908.858,
1223,588,586,710.244,
1224,588,587,3116.169,
1225,589,43,6363.000,
1226,589,590,2766.181,
1227,589,591,5944.156,
1228,589,594,3534.921,
1229,589,775,1841.202,
1230,590,44,6821.000,
1231,590,401,2647.418,
1232,590,589,4722.302,
1233,590,592,6686.835,
1234,590,776,1949.446,
1235,591,45,5239.000,
1236,591,441,3858.012,
1237,591,589,4091.846,
1238,591,592,3318.747,
1239,591,608,2187.935,
1240,591,613,5926.117,
1241,592,46,6529.000,
1242,592,587,4025.706,
1243,592,590,3497.083,
1244,592,591,4652.356,
1245,592,608,4812.715,
1246,592,609,3541.968,
1247,593,47,4955.000,
1248,593,429,1577.028,
1249,593,431,1145.485,
1250,593,594,2272.274,
1251,593,595,3937.601,
1252,594,48,6732.000,
1253,594,427,3467.448,
1254,594,589,2602.120,
1255,594,593,3130.594,
1256,594,596,6604.307,
1257,595,49,3642.000,
1258,595,432,1898.614,
1259,595,593,3025.932,
1260,595,596,2564.422,
1261,595,612,1539.872,
1262,595,617,4238.496,
1263,596,50,5233.000,
1264,596,441,2648.841,
1265,596,594,4413.508,
1266,596,595,3200.520,
1267,596,612,4773.733,
1268,596,613,3175.268,
1269,597,51,868.000,
1270,597,431,935.460,
1271,597,599,3415.313,
1272,597,778,1204.209,
1273,598,52,2505.000,
1274,598,599,1309.449,
1275,598,616,1001.181,
1276,598,620,1318.542,
1277,599,53,3589.000,
1278,599,432,2084.076,
1279,599,597,1897.236,
1280,599,598,1973.327,
1281,599,616,3209.177,
1282,599,617,2480.207,
1283,600,54,601.000,
1284,600,395,1139.343,
1285,600,601,1244.718,
1286,600,602,1435.321,
1287,600,605,3521.260,
1288,601,55,1129.000,
1289,601,394,1822.931,
1290,601,600,1988.072,
1291,601,603,1245.452,
1292,601,716,2013.021,
1293,602,56,2120.000,
1294,602,600,1466.556,
1295,602,603,1596.508,
1296,602,607,3869.994,
1297,602,671,1916.018,
1298,603,57,1356.000,
1299,603,601,1138.703,
1300,603,602,2160.418,
1301,603,672,1049.957,
1302,603,718,1271.272,
1303,604,58,9808.000,
1304,604,397,1172.505,
1305,604,399,6800.967,
1306,604,587,4963.986,
1307,604,605,2821.233,
1308,604,606,4744.146,
1309,605,59,3630.000,
1310,605,584,786.533,
1311,605,600,1702.374,
1312,605,604,7123.549,
1313,605,607,2564.382,
1314,606,60,3408.000,
1315,606,403,6216.665,
1316,606,604,5528.443,
1317,606,607,2162.541,
1318,606,675,3803.554,
1319,607,61,3202.000,
1320,607,602,1796.711,
1321,607,605,2665.800,
1322,607,606,5405.244,
1323,607,676,2608.305,
1324,608,62,3477.000,
1325,608,537,4851.929,
1326,608,591,1951.053,
1327,608,592,2646.178,
1328,608,609,2727.766,
1329,608,613,4868.003,
1330,609,63,5876.000,
1331,609,399,2526.446,
1332,609,400,1420.284,
1333,609,592,2532.994,
1334,609,608,3175.565,
1335,609,611,4877.785,
1336,610,64,15980.000,
1337,610,537,3917.671,
1338,610,611,2916.976,
1339,610,615,9118.598,
1340,610,679,5776.062,
1341,611,65,3235.000,
1342,611,403,1799.651,
1343,611,609,3989.435,
1344,611,610,6399.171,
1345,611,680,4067.071,
1346,612,66,4338.000,
1347,612,440,2750.026,
1348,612,595,1321.566,
1349,612,596,3577.259,
1350,612,614,6842.070,
1351,612,617,3575.737,
1352,613,67,4837.000,
1353,613,440,3225.346,
1354,613,591,3118.517,
1355,613,596,2297.207,
1356,613,608,2833.400,
1357,613,615,9537.001,
1358,614,68,6135.000,
1359,614,439,5198.379,
1360,614,554,4604.094,
1361,614,612,4476.947,
1362,614,619,4462.266,
1363,614,622,3675.714,
1364,615,69,9688.000,
1365,615,439,5442.838,
1366,615,536,726.621,
1367,615,610,8695.321,
1368,615,613,5542.405,
1369,615,622,8321.518,
1370,616,70,3881.000,
1371,616,433,2159.757,
1372,616,598,943.441,
1373,616,599,2284.889,
1374,616,618,5694.464,
1375,616,620,1885.477,
1376,617,71,4949.000,
1377,617,433,1957.453,
1378,617,595,3144.647,
1379,617,599,1589.240,
1380,617,612,2600.931,
1381,617,619,7917.820,
1382,618,72,9253.000,
1383,618,434,2875.891,
1384,618,548,4284.049,
1385,618,552,3818.859,
1386,618,616,4587.364,
1387,618,621,1545.613,
1388,619,73,11945.000,
1389,619,434,2661.926,
1390,619,552,5770.468,
1391,619,554,3709.185,
1392,619,614,3796.958,
1393,619,617,6011.649,
1394,620,74,3615.000,
1395,620,598,1226.404,
1396,620,616,1522.452,
1397,620,621,2466.020,
1398,621,75,1702.000,
1399,621,547,3202.465,
1400,621,618,2052.415,
1401,621,620,3030.855,
1402,622,76,8821.000,
1403,622,540,4108.792,
1404,622,554,1591.254,
1405,622,555,3726.144,
1406,622,614,2424.081,
1407,622,615,7370.318,
1408,622,623,6013.551,
1409,622,625,3034.641,
1410,623,77,10775.000,
1411,623,622,7096.598,
1412,623,624,6514.301,
1413,623,627,5109.947,
1414,623,681,6740.738,
1415,624,78,9320.000,
1416,624,555,8261.480,
1417,624,556,2548.115,
1418,624,557,2957.918,
1419,624,623,6770.169,
1420,624,626,5967.107,
1421,625,79,3977.000,
1422,625,554,5104.648,
1423,625,555,7213.646,
1424,625,622,4163.247,
1425,626,80,10221.000,
1426,626,485,4887.932,
1427,626,624,7867.489,
1428,626,627,6703.586,
1429,626,630,7163.717,
1430,627,81,10275.000,
1431,627,484,4780.026,
1432,627,486,5611.857,
1433,627,623,6958.682,
1434,627,626,6771.373,
1435,628,82,6494.000,
1436,628,485,5416.266,
1437,628,629,4489.180,
1438,628,631,5056.740,
1439,628,632,2962.478,
1440,629,83,4037.000,
1441,629,479,4436.834,
1442,629,484,4383.151,
1443,629,628,4739.574,
1444,629,633,2249.608,
1445,630,84,5505.000,
1446,630,489,3219.805,
1447,630,557,8225.726,
1448,630,626,7610.802,
1449,631,85,10850.000,
1450,631,489,3532.511,
1451,631,490,6571.659,
1452,631,559,5083.018,
1453,631,566,5573.694,
1454,631,571,3033.809,
1455,631,628,4964.522,
1456,631,636,3562.429,
1457,632,86,5422.000,
1458,632,502,1945.371,
1459,632,571,3704.947,
1460,632,628,4649.295,
1461,632,633,4249.723,
1462,632,636,1968.376,
1463,633,87,5688.000,
1464,633,478,3444.354,
1465,633,503,1043.124,
1466,633,629,3925.998,
1467,633,632,4682.665,
1468,634,88,4387.000,
1469,634,502,3412.831,
1470,634,505,2281.635,
1471,634,571,2681.803,
1472,634,635,3586.805,
1473,634,637,4374.063,
1474,635,89,2032.000,
1475,635,504,3101.054,
1476,635,634,4575.339,
1477,635,640,793.526,
1478,635,705,3153.226,
1479,636,90,2110.000,
1480,636,501,2790.667,
1481,636,631,5355.328,
1482,636,632,1481.945,
1483,637,91,8151.000,
1484,637,571,7216.193,
1485,637,572,2908.084,
1486,637,576,3170.657,
1487,637,634,4037.821,
1488,637,644,3201.590,
1489,638,92,1139.000,
1490,638,640,898.880,
1491,638,642,900.463,
1492,638,707,2974.014,
1493,638,815,561.691,
1494,638,825,485.565,
1495,638,826,722.759,
1496,639,93,4375.000,
1497,639,505,5921.036,
1498,639,506,2985.454,
1499,639,640,783.939,
1500,639,641,1369.599,
1501,640,94,290.000,
1502,640,635,1670.856,
1503,640,638,375.822,
1504,640,639,1250.662,
1505,640,642,465.493,
1506,641,95,2405.000,
1507,641,639,3200.092,
1508,641,642,895.372,
1509,641,646,2489.120,
1510,641,648,1233.181,
1511,642,96,398.000,
1512,642,638,662.506,
1513,642,640,1176.487,
1514,642,641,1271.920,
1515,642,649,564.146,
1516,643,97,7103.000,
1517,643,576,6181.993,
1518,643,578,3932.181,
1519,643,644,3938.966,
1520,644,98,6863.000,
1521,644,506,3115.501,
1522,644,637,6407.446,
1523,644,643,4092.921,
1524,644,646,2945.779,
1525,645,99,4495.000,
1526,645,578,4763.900,
1527,645,646,3373.227,
1528,645,647,2081.742,
1529,645,652,2643.364,
1530,646,100,4012.000,
1531,646,507,2290.277,
1532,646,641,2065.981,
1533,646,644,5299.407,
1534,646,645,2701.340,
1535,646,653,2020.414,
1536,647,101,2709.000,
1537,647,524,3853.312,
1538,647,579,2670.455,
1539,647,645,2581.609,
1540,647,657,3572.875,
1541,648,102,2583.000,
1542,648,641,2855.269,
1543,648,649,1477.393,
1544,648,650,1263.887,
1545,648,653,2494.067,
1546,649,103,1605.000,
1547,649,642,1300.732,
1548,649,648,1738.242,
1549,649,651,629.384,
1550,649,825,909.766,
1551,650,104,2073.000,
1552,650,453,594.314,
1553,650,648,2185.655,
1554,650,651,970.456,
1555,650,655,2229.454,
1556,651,105,793.000,
1557,651,649,1232.608,
1558,651,650,1220.819,
1559,651,827,622.744,
1560,651,842,512.882,
1561,652,106,3256.000,
1562,652,452,1599.661,
1563,652,525,2497.062,
1564,652,645,4713.316,
1565,652,653,2180.738,
1566,653,107,2522.000,
1567,653,646,4343.404,
1568,653,648,1925.534,
1569,653,652,2434.790,
1570,653,655,1557.855,
1571,654,108,3210.000,
1572,654,451,1569.161,
1573,654,452,4251.302,
1574,654,659,2932.038,
1575,654,662,1869.268,
1576,655,109,2787.000,
1577,655,451,3098.539,
1578,655,650,1627.422,
1579,655,653,2544.371,
1580,655,663,942.141,
1581,656,110,4146.000,
1582,656,579,4678.070,
1583,656,657,3385.751,
1584,656,658,2477.025,
1585,656,660,4165.305,
1586,657,111,5070.000,
1587,657,525,2858.679,
1588,657,647,5106.455,
1589,657,656,2918.122,
1590,657,659,2864.885,
1591,658,112,3504.000,
1592,658,510,2024.962,
1593,658,656,3119.448,
1594,658,659,3232.224,
1595,658,661,3861.532,
1596,659,113,5035.000,
1597,659,509,2476.977,
1598,659,654,2451.229,
1599,659,657,3544.919,
1600,659,658,2958.798,
1601,660,114,1483.000,
1602,660,582,2797.707,
1603,660,656,4411.024,
1604,660,661,1527.001,
1605,660,902,4911.755,
1606,661,115,4216.000,
1607,661,512,1228.359,
1608,661,658,3936.498,
1609,661,660,1725.519,
1610,661,902,4027.988,
1611,662,116,2092.000,
1612,662,449,938.824,
1613,662,654,3071.302,
1614,662,664,1799.280,
1615,662,667,1641.813,
1616,663,117,483.000,
1617,663,449,1467.944,
1618,663,655,1626.253,
1619,663,665,699.662,
1620,663,841,761.330,
1621,664,118,3691.000,
1622,664,448,1152.214,
1623,664,662,2741.332,
1624,664,669,2471.465,
1625,664,849,709.021,
1626,665,119,1008.000,
1627,665,448,1296.032,
1628,665,663,1103.837,
1629,665,843,742.422,
1630,665,849,309.528,
1631,666,120,1467.000,
1632,666,510,2695.139,
1633,666,521,469.612,
1634,666,667,1261.075,
1635,666,668,876.629,
1636,667,121,3031.000,
1637,667,509,4403.410,
1638,667,662,1598.641,
1639,667,666,1219.313,
1640,667,669,2432.684,
1641,668,122,1806.000,
1642,668,519,1168.224,
1643,668,666,1353.466,
1644,668,669,1698.761,
1645,668,850,372.646,
1646,669,123,4500.000,
1647,669,664,2371.111,
1648,669,667,3342.252,
1649,669,668,1523.304,
1650,669,851,743.774,
1651,670,124,972.000,
1652,670,512,1218.956,
1653,670,519,892.005,
1654,670,521,963.077,
1655,670,854,85.478,
1656,670,902,809.910,
1657,670,905,1051.375,
1658,671,125,928.000,
1659,671,602,1383.627,
1660,671,672,820.195,
1661,671,673,1760.825,
1662,671,676,2500.130,
1663,672,126,161.000,
1664,672,603,779.813,
1665,672,671,1323.952,
1666,672,674,1038.260,
1667,672,722,578.708,
1668,673,127,1111.000,
1669,673,671,1075.780,
1670,673,674,1468.416,
1671,673,678,3092.833,
1672,673,683,1757.437,
1673,674,128,1552.000,
1674,674,672,590.974,
1675,674,673,1842.652,
1676,674,684,796.752,
1677,674,724,1278.146,
1678,675,129,3738.000,
1679,675,404,5796.231,
1680,675,606,3321.286,
1681,675,676,1629.838,
1682,675,677,2941.748,
1683,676,130,1788.000,
1684,676,607,1919.141,
1685,676,671,940.029,
1686,676,675,4171.643,
1687,676,678,2881.235,
1688,677,131,3523.000,
1689,677,406,6250.817,
1690,677,675,3148.985,
1691,677,678,2455.256,
1692,677,687,3165.390,
1693,678,132,3901.000,
1694,678,673,1540.478,
1695,678,676,2057.781,
1696,678,677,4324.819,
1697,678,688,3348.581,
1698,679,133,8533.000,
1699,679,610,5661.425,
1700,679,680,2628.343,
1701,679,681,5147.033,
1702,680,134,5003.000,
1703,680,404,1655.012,
1704,680,488,3246.053,
1705,680,611,3532.499,
1706,680,679,5119.255,
1707,681,135,7053.000,
1708,681,487,3617.429,
1709,681,623,8581.188,
1710,681,679,5960.479,
1711,681,691,4171.305,
1712,682,136,8186.000,
1713,682,406,2376.322,
1714,682,487,7421.242,
1715,682,488,4781.282,
1716,682,692,3808.598,
1717,683,137,1791.000,
1718,683,673,1309.511,
1719,683,684,1576.971,
1720,683,685,2182.335,
1721,683,688,3335.461,
1722,684,138,1261.000,
1723,684,674,825.933,
1724,684,683,2286.100,
1725,684,728,1274.933,
1726,685,139,1167.000,
1727,685,411,2329.425,
1728,685,683,2033.672,
1729,685,686,1277.611,
1730,685,690,2171.379,
1731,686,140,1342.000,
1732,686,685,1603.797,
1733,686,730,880.366,
1734,687,141,4149.000,
1735,687,407,5866.864,
1736,687,677,3515.023,
1737,687,688,3215.256,
1738,687,689,3026.844,
1739,688,142,6215.000,
1740,688,678,2867.329,
1741,688,683,1854.071,
1742,688,687,4689.750,
1743,688,690,2490.382,
1744,689,143,3438.000,
1745,689,408,5110.333,
1746,689,687,3457.453,
1747,689,690,1964.601,
1748,689,699,2429.717,
1749,690,144,1702.000,
1750,690,410,2644.771,
1751,690,685,1393.484,
1752,690,688,3209.229,
1753,690,689,3583.111,
1754,691,145,6191.000,
1755,691,481,2698.767,
1756,691,486,6387.833,
1757,691,681,5938.476,
1758,691,692,3557.158,
1759,692,146,5125.000,
1760,692,407,2773.275,
1761,692,682,4764.179,
1762,692,691,5820.533,
1763,692,694,5428.244,
1764,693,147,13975.000,
1765,693,479,5044.725,
1766,693,483,4007.486,
1767,693,694,4579.430,
1768,693,703,2520.936,
1769,694,148,12038.000,
1770,694,408,3016.518,
1771,694,539,3026.037,
1772,694,692,4857.748,
1773,694,693,6532.192,
1774,695,149,5124.000,
1775,695,411,3008.411,
1776,695,696,2249.080,
1777,695,697,1310.301,
1778,695,700,4396.803,
1779,696,150,1217.000,
1780,696,695,3812.979,
1781,696,698,852.749,
1782,696,734,1962.833,
1783,697,151,1674.000,
1784,697,695,2490.782,
1785,697,698,2188.438,
1786,697,702,2430.110,
1787,697,809,450.391,
1788,698,152,2606.000,
1789,698,696,1259.100,
1790,698,697,2833.612,
1791,698,736,2199.973,
1792,698,810,479.368,
1793,699,153,5396.000,
1794,699,538,5416.900,
1795,699,689,3385.078,
1796,699,700,3680.044,
1797,699,701,1622.888,
1798,700,154,7245.000,
1799,700,410,4340.625,
1800,700,695,2991.396,
1801,700,699,4440.764,
1802,700,702,1368.486,
1803,701,155,2256.000,
1804,701,474,3978.955,
1805,701,699,4214.448,
1806,701,702,2297.473,
1807,701,813,1027.254,
1808,702,156,2292.000,
1809,702,697,2237.614,
1810,702,700,3919.993,
1811,702,701,3198.817,
1812,702,814,809.439,
1813,703,157,6047.000,
1814,703,478,5006.861,
1815,703,693,5352.818,
1816,703,704,3188.059,
1817,703,705,2120.023,
1818,704,158,4882.000,
1819,704,538,2532.234,
1820,704,539,5950.911,
1821,704,703,4292.464,
1822,704,706,1575.497,
1823,705,159,4939.000,
1824,705,476,975.771,
1825,705,635,3790.004,
1826,705,703,4307.282,
1827,705,706,2021.639,
1828,706,160,2903.000,
1829,706,474,2591.404,
1830,706,475,830.817,
1831,706,704,4034.072,
1832,706,705,3696.353,
1833,707,161,2079.000,
1834,707,473,635.033,
1835,707,475,1441.164,
1836,707,476,4094.478,
1837,707,638,1119.936,
1838,708,162,428.000,
1839,708,388,203.992,
1840,708,709,438.064,
1841,708,714,141.561,
1842,708,913,87.250,
1843,709,163,219.000,
1844,709,391,260.814,
1845,709,708,239.190,
1846,709,711,95.767,
1847,709,713,773.850,
1848,709,803,202.860,
1849,710,164,1377.000,
1850,710,584,1648.372,
1851,710,712,2231.752,
1852,710,806,1156.745,
1853,711,165,212.000,
1854,711,709,101.637,
1855,711,713,1539.539,
1856,711,807,740.596,
1857,712,166,3433.000,
1858,712,393,2080.607,
1859,712,584,1553.500,
1860,712,710,793.004,
1861,712,713,510.597,
1862,713,167,1131.000,
1863,713,392,547.237,
1864,713,709,273.891,
1865,713,711,621.324,
1866,713,712,953.071,
1867,713,716,1565.697,
1868,714,168,138.000,
1869,714,708,124.784,
1870,714,715,255.187,
1871,714,720,80.074,
1872,714,913,186.589,
1873,715,169,188.000,
1874,715,391,164.821,
1875,715,714,120.023,
1876,715,717,420.485,
1877,715,719,287.253,
1878,715,721,245.196,
1879,716,170,5108.000,
1880,716,393,2161.879,
1881,716,601,3279.659,
1882,716,713,740.030,
1883,716,717,547.042,
1884,716,718,2801.560,
1885,717,171,701.000,
1886,717,392,551.705,
1887,717,715,145.465,
1888,717,716,1135.313,
1889,717,719,649.627,
1890,718,172,2837.000,
1891,718,603,1782.575,
1892,718,716,2372.323,
1893,718,719,424.811,
1894,718,722,2007.821,
1895,719,173,373.000,
1896,719,715,95.464,
1897,719,717,517.460,
1898,719,718,814.819,
1899,719,723,738.710,
1900,720,174,177.000,
1901,720,714,81.569,
1902,720,721,566.383,
1903,720,726,71.672,
1904,720,913,296.925,
1905,721,175,469.000,
1906,721,715,202.387,
1907,721,720,233.660,
1908,721,723,512.219,
1909,721,725,873.838,
1910,721,727,277.122,
1911,722,176,429.000,
1912,722,672,971.608,
1913,722,718,1587.878,
1914,722,723,270.217,
1915,722,724,2022.086,
1916,723,177,178.000,
1917,723,719,637.762,
1918,723,721,195.706,
1919,723,722,575.407,
1920,723,725,793.659,
1921,724,178,3287.000,
1922,724,674,1918.914,
1923,724,722,1375.852,
1924,724,725,897.366,
1925,724,728,1969.925,
1926,725,179,1822.000,
1927,725,721,216.571,
1928,725,723,491.390,
1929,725,724,1664.505,
1930,725,729,1097.291,
1931,726,180,180.000,
1932,726,416,392.000,
1933,726,720,60.505,
1934,726,727,692.841,
1935,726,913,331.853,
1936,727,181,509.000,
1937,727,415,324.958,
1938,727,721,173.370,
1939,727,726,252.960,
1940,727,729,630.902,
1941,727,731,481.446,
1942,728,182,2401.000,
1943,728,684,1877.243,
1944,728,724,1998.319,
1945,728,729,753.389,
1946,728,730,2022.499,
1947,729,183,892.000,
1948,729,725,1037.893,
1949,729,727,270.107,
1950,729,728,1352.410,
1951,729,731,1091.921,
1952,730,184,1217.000,
1953,730,413,2132.464,
1954,730,686,1516.552,
1955,730,728,2252.181,
1956,730,731,525.598,
1957,731,185,771.000,
1958,731,414,1497.121,
1959,731,727,196.215,
1960,731,729,1020.752,
1961,731,730,875.976,
1962,732,186,331.000,
1963,732,416,118.348,
1964,732,417,180.730,
1965,732,733,521.156,
1966,732,864,171.960,
1967,733,187,622.000,
1968,733,415,513.650,
1969,733,732,243.430,
1970,733,735,863.780,
1971,733,737,950.880,
1972,733,865,381.463,
1973,734,188,3271.000,
1974,734,413,2665.142,
1975,734,696,2946.380,
1976,734,735,1734.382,
1977,734,736,1889.823,
1978,735,189,3357.000,
1979,735,414,1773.441,
1980,735,733,359.905,
1981,735,734,2518.860,
1982,735,737,1886.319,
1983,736,190,3546.000,
1984,736,698,3097.487,
1985,736,734,2814.484,
1986,736,737,2213.292,
1987,736,866,922.908,
1988,737,191,4775.000,
1989,737,733,487.184,
1990,737,735,1848.026,
1991,737,736,2195.470,
1992,737,866,1289.878,
1993,738,192,525.000,
1994,738,740,474.689,
1995,738,742,545.086,
1996,738,746,643.665,
1997,738,784,596.662,
1998,738,920,121.919,
1999,739,193,56.000,
2000,739,419,524.590,
2001,739,740,445.282,
2002,739,741,312.888,
2003,739,921,230.925,
2004,740,194,1178.000,
2005,740,738,339.226,
2006,740,739,717.132,
2007,740,742,831.493,
2008,740,920,197.297,
2009,741,195,384.000,
2010,741,739,174.852,
2011,741,742,451.994,
2012,741,743,519.147,
2013,741,747,1163.296,
2014,742,196,569.000,
2015,742,738,215.016,
2016,742,740,390.680,
2017,742,741,661.185,
2018,742,748,1265.049,
2019,743,197,494.000,
2020,743,419,336.384,
2021,743,741,492.357,
2022,743,744,239.287,
2023,743,745,385.512,
2024,743,751,1771.753,
2025,743,752,1034.595,
2026,743,921,185.801,
2027,743,922,696.452,
2028,744,198,1550.000,
2029,744,743,355.925,
2030,744,745,3541.542,
2031,744,922,1740.155,
2032,745,199,1818.000,
2033,745,743,277.027,
2034,745,744,1621.530,
2035,745,755,5028.286,
2036,746,200,1583.000,
2037,746,738,191.339,
2038,746,748,902.579,
2039,746,750,1345.964,
2040,746,757,1095.145,
2041,746,792,1307.230,
2042,747,201,680.000,
2043,747,741,393.857,
2044,747,748,673.486,
2045,747,749,1403.145,
2046,747,752,1454.972,
2047,748,202,886.000,
2048,748,742,601.357,
2049,748,746,926.659,
2050,748,747,1256.871,
2051,748,750,1164.890,
2052,749,203,1160.000,
2053,749,747,435.651,
2054,749,750,727.584,
2055,749,754,2171.803,
2056,749,758,1584.079,
2057,750,204,1105.000,
2058,750,746,609.995,
2059,750,748,406.662,
2060,750,749,1736.990,
2061,750,759,1776.593,
2062,751,205,2282.000,
2063,751,420,533.235,
2064,751,743,443.876,
2065,751,753,2877.627,
2066,751,755,1062.353,
2067,752,206,332.000,
2068,752,420,1412.896,
2069,752,743,366.117,
2070,752,747,702.643,
2071,752,754,1535.869,
2072,753,207,2363.000,
2073,753,421,1109.173,
2074,753,751,1152.318,
2075,753,756,2153.315,
2076,753,762,3576.091,
2077,754,208,695.000,
2078,754,421,2699.696,
2079,754,749,993.314,
2080,754,752,526.856,
2081,754,763,2049.320,
2082,755,209,3138.000,
2083,755,745,1875.789,
2084,755,751,1434.105,
2085,755,756,6478.840,
2086,756,210,6317.000,
2087,756,753,2352.742,
2088,756,755,2451.095,
2089,756,766,6537.368,
2090,757,211,1650.000,
2091,757,746,303.525,
2092,757,759,728.651,
2093,757,761,1397.776,
2094,757,768,1191.875,
2095,757,800,1023.565,
2096,758,212,401.000,
2097,758,749,469.669,
2098,758,759,422.990,
2099,758,760,1498.437,
2100,758,763,1109.248,
2101,759,213,50.000,
2102,759,750,503.803,
2103,759,757,708.763,
2104,759,758,890.297,
2105,759,761,1119.671,
2106,760,214,761.000,
2107,760,758,445.030,
2108,760,761,488.739,
2109,760,765,1886.333,
2110,760,769,2150.907,
2111,761,215,63.000,
2112,761,757,413.440,
2113,761,759,261.300,
2114,761,760,1341.780,
2115,761,770,1597.123,
2116,762,216,2766.000,
2117,762,422,1133.634,
2118,762,753,1395.884,
2119,762,763,1071.987,
2120,762,764,3082.045,
2121,763,217,1379.000,
2122,763,754,638.549,
2123,763,758,535.940,
2124,763,762,1391.694,
2125,763,765,3054.382,
2126,764,218,1921.000,
2127,764,423,1251.950,
2128,764,762,1392.006,
2129,764,765,1330.520,
2130,764,773,2984.192,
2131,765,219,3850.000,
2132,765,760,849.781,
2133,765,763,1094.013,
2134,765,764,1899.626,
2135,765,774,4133.233,
2136,766,220,2891.000,
2137,766,422,2149.659,
2138,766,756,2982.053,
2139,766,767,6681.899,
2140,767,221,2292.000,
2141,767,423,937.887,
2142,767,766,2272.984,
2143,767,777,7130.594,
2144,768,222,2571.000,
2145,768,584,1223.414,
2146,768,757,378.487,
2147,768,770,1198.416,
2148,768,772,2191.151,
2149,768,808,1136.197,
2150,769,223,677.000,
2151,769,760,687.011,
2152,769,770,703.210,
2153,769,771,2496.332,
2154,769,774,1421.314,
2155,770,224,1198.000,
2156,770,761,511.455,
2157,770,768,702.406,
2158,770,769,1537.357,
2159,770,772,1402.505,
2160,771,225,1029.000,
2161,771,585,3513.751,
2162,771,769,774.330,
2163,771,772,871.553,
2164,771,776,2175.281,
2165,772,226,1572.000,
2166,772,586,2591.731,
2167,772,768,833.067,
2168,772,770,495.974,
2169,772,771,2189.521,
2170,773,227,1210.000,
2171,773,424,1657.149,
2172,773,764,1280.910,
2173,773,774,1003.234,
2174,773,775,3285.077,
2175,774,228,1894.000,
2176,774,765,1590.414,
2177,774,769,738.273,
2178,774,773,1797.491,
2179,774,776,4154.620,
2180,775,229,2723.000,
2181,775,425,2768.124,
2182,775,589,3849.191,
2183,775,773,1319.549,
2184,775,776,1470.586,
2185,776,230,2267.000,
2186,776,590,5092.293,
2187,776,771,1182.901,
2188,776,774,1467.017,
2189,776,775,2674.722,
2190,777,231,2548.000,
2191,777,424,971.701,
2192,777,767,2498.485,
2193,777,778,4021.878,
2194,777,779,4600.203,
2195,778,232,3415.000,
2196,778,429,3637.649,
2197,778,597,2192.711,
2198,778,777,1709.895,
2199,778,779,1490.714,
2200,779,233,4478.000,
2201,779,425,1721.006,
2202,779,427,4951.520,
2203,779,777,1534.462,
2204,779,778,1705.002,
2205,780,234,577.000,
2206,780,781,306.965,
2207,780,785,489.115,
2208,780,914,453.658,
2209,780,916,123.016,
2210,781,235,100.000,
2211,781,780,290.390,
2212,781,782,234.392,
2213,781,786,200.376,
2214,781,917,71.658,
2215,782,236,344.000,
2216,782,781,143.828,
2217,782,783,255.356,
2218,782,787,518.071,
2219,782,917,92.111,
2220,782,918,32.350,
2221,783,237,959.000,
2222,783,782,160.158,
2223,783,784,317.296,
2224,783,788,643.194,
2225,783,789,478.454,
2226,783,918,61.563,
2227,783,919,164.483,
2228,784,238,132.000,
2229,784,738,671.547,
2230,784,783,376.646,
2231,784,792,399.737,
2232,784,919,199.595,
2233,785,239,519.000,
2234,785,780,179.559,
2235,785,786,366.910,
2236,785,793,344.791,
2237,785,914,382.740,
2238,786,240,167.000,
2239,786,781,99.844,
2240,786,785,412.302,
2241,786,787,399.106,
2242,786,794,215.982,
2243,787,241,618.000,
2244,787,782,181.853,
2245,787,786,329.115,
2246,787,789,269.305,
2247,787,791,546.607,
2248,787,795,944.416,
2249,788,242,241.000,
2250,788,783,320.657,
2251,788,789,183.939,
2252,788,790,686.664,
2253,788,792,532.956,
2254,789,243,299.000,
2255,789,783,292.309,
2256,789,787,287.398,
2257,789,788,291.720,
2258,789,791,539.240,
2259,790,244,1832.000,
2260,790,788,291.133,
2261,790,791,648.397,
2262,790,792,673.555,
2263,790,796,1868.646,
2264,791,245,649.000,
2265,791,787,269.046,
2266,791,789,215.969,
2267,791,790,734.519,
2268,791,797,1215.528,
2269,792,246,457.000,
2270,792,746,1437.411,
2271,792,784,146.609,
2272,792,788,420.168,
2273,792,790,1236.317,
2274,792,800,487.567,
2275,793,247,999.000,
2276,793,785,175.053,
2277,793,794,701.217,
2278,793,801,149.360,
2279,793,914,652.184,
2280,794,248,147.000,
2281,794,786,100.834,
2282,794,793,608.222,
2283,794,795,804.098,
2284,794,802,231.815,
2285,795,249,2721.000,
2286,795,787,274.674,
2287,795,794,539.434,
2288,795,797,597.969,
2289,795,799,1405.510,
2290,795,803,726.057,
2291,796,250,837.000,
2292,796,790,815.233,
2293,796,797,513.161,
2294,796,798,921.917,
2295,796,800,992.183,
2296,797,251,125.000,
2297,797,791,506.818,
2298,797,795,795.683,
2299,797,796,627.740,
2300,797,799,905.679,
2301,798,252,471.000,
2302,798,796,464.721,
2303,798,799,777.975,
2304,798,800,681.804,
2305,798,804,1807.578,
2306,799,253,1242.000,
2307,799,795,944.910,
2308,799,797,398.263,
2309,799,798,936.581,
2310,799,805,2303.435,
2311,800,254,485.000,
2312,800,757,1672.560,
2313,800,792,141.594,
2314,800,796,566.385,
2315,800,798,856.996,
2316,800,808,521.006,
2317,801,255,154.000,
2318,801,389,160.103,
2319,801,793,119.589,
2320,801,802,273.977,
2321,801,913,111.340,
2322,802,256,319.000,
2323,802,388,363.698,
2324,802,794,109.336,
2325,802,801,151.214,
2326,802,803,422.026,
2327,803,257,1123.000,
2328,803,709,448.978,
2329,803,795,427.535,
2330,803,802,258.101,
2331,803,805,674.489,
2332,803,807,733.167,
2333,804,258,1528.000,
2334,804,798,890.586,
2335,804,805,1373.097,
2336,804,806,1232.657,
2337,804,808,2454.131,
2338,805,259,2752.000,
2339,805,799,1395.026,
2340,805,803,520.092,
2341,805,804,2181.256,
2342,805,807,1374.757,
2343,806,260,865.000,
2344,806,710,2717.968,
2345,806,804,678.394,
2346,806,807,643.541,
2347,806,808,922.100,
2348,807,261,757.000,
2349,807,711,1472.681,
2350,807,803,365.234,
2351,807,805,913.108,
2352,807,806,1187.038,
2353,808,262,693.000,
2354,808,584,1335.734,
2355,808,768,2607.068,
2356,808,800,195.421,
2357,808,804,1164.242,
2358,808,806,778.563,
2359,809,263,300.000,
2360,809,697,1222.195,
2361,809,810,517.865,
2362,809,811,330.875,
2363,809,814,966.006,
2364,810,264,208.000,
2365,810,698,870.383,
2366,810,809,724.601,
2367,810,812,216.098,
2368,810,866,348.753,
2369,811,265,87.000,
2370,811,809,635.871,
2371,811,812,289.224,
2372,811,816,292.201,
2373,811,817,340.409,
2374,812,266,82.000,
2375,812,810,374.191,
2376,812,811,298.828,
2377,812,818,364.514,
2378,812,866,469.512,
2379,813,267,1742.000,
2380,813,472,627.678,
2381,813,473,2288.489,
2382,813,701,2204.293,
2383,813,814,784.936,
2384,814,268,818.000,
2385,814,702,2123.792,
2386,814,809,658.078,
2387,814,813,1413.497,
2388,814,816,679.817,
2389,815,269,1130.000,
2390,815,471,234.959,
2391,815,472,2697.107,
2392,815,638,758.724,
2393,815,821,913.000,
2394,816,270,638.000,
2395,816,471,945.334,
2396,816,811,290.885,
2397,816,814,1260.800,
2398,816,822,740.368,
2399,817,271,296.000,
2400,817,470,674.403,
2401,817,811,640.118,
2402,817,818,296.920,
2403,817,819,574.727,
2404,818,272,514.000,
2405,818,812,544.999,
2406,818,817,330.829,
2407,818,820,216.759,
2408,818,869,44.353,
2409,819,273,1145.000,
2410,819,469,607.349,
2411,819,817,990.633,
2412,819,820,262.664,
2413,819,829,1018.528,
2414,820,274,35.000,
2415,820,818,393.386,
2416,820,819,304.511,
2417,820,830,199.948,
2418,820,869,150.926,
2419,821,275,980.000,
2420,821,815,2165.246,
2421,821,822,556.245,
2422,821,823,1157.201,
2423,821,826,1062.116,
2424,822,276,258.000,
2425,822,470,253.118,
2426,822,816,1403.587,
2427,822,821,760.771,
2428,822,824,869.127,
2429,823,277,1035.000,
2430,823,821,2222.032,
2431,823,824,786.048,
2432,823,828,858.353,
2433,823,833,1337.850,
2434,824,278,927.000,
2435,824,469,331.034,
2436,824,822,1472.498,
2437,824,823,984.223,
2438,824,834,1281.095,
2439,825,279,513.000,
2440,825,638,1248.808,
2441,825,649,1249.977,
2442,825,826,475.441,
2443,825,827,328.863,
2444,826,280,199.000,
2445,826,638,1864.579,
2446,826,821,785.009,
2447,826,825,486.919,
2448,826,828,479.733,
2449,827,281,119.000,
2450,827,651,893.712,
2451,827,825,671.839,
2452,827,828,496.408,
2453,827,837,324.068,
2454,828,282,45.000,
2455,828,823,665.094,
2456,828,826,962.922,
2457,828,827,626.375,
2458,828,838,434.022,
2459,829,283,1424.000,
2460,829,457,622.118,
2461,829,468,475.752,
2462,829,819,1344.300,
2463,829,834,2027.142,
2464,830,284,290.000,
2465,830,468,880.666,
2466,830,820,306.252,
2467,830,832,267.310,
2468,830,872,187.055,
2469,831,285,761.000,
2470,831,457,952.696,
2471,831,836,835.278,
2472,831,845,805.759,
2473,832,286,167.000,
2474,832,459,334.625,
2475,832,830,417.978,
2476,832,872,50.301,
2477,833,287,3002.000,
2478,833,455,898.813,
2479,833,823,2085.765,
2480,833,834,2506.689,
2481,833,838,1442.834,
2482,834,288,4906.000,
2483,834,456,1691.628,
2484,834,824,1874.316,
2485,834,829,1616.687,
2486,834,833,2657.782,
2487,835,289,1029.000,
2488,835,455,1100.025,
2489,835,836,740.424,
2490,835,840,636.833,
2491,835,846,330.325,
2492,836,290,1410.000,
2493,836,456,1169.088,
2494,836,831,673.075,
2495,836,835,602.163,
2496,836,846,147.872,
2497,837,291,388.000,
2498,837,827,638.043,
2499,837,838,1090.075,
2500,837,839,242.668,
2501,837,842,1073.834,
2502,838,292,433.000,
2503,838,454,391.689,
2504,838,828,755.919,
2505,838,833,1451.857,
2506,838,837,1099.333,
2507,839,293,320.000,
2508,839,837,385.649,
2509,839,840,553.382,
2510,839,844,576.267,
2511,839,847,101.686,
2512,840,294,446.000,
2513,840,454,737.384,
2514,840,835,830.882,
2515,840,839,442.905,
2516,840,847,139.231,
2517,841,295,609.000,
2518,841,453,1249.411,
2519,841,663,1022.027,
2520,841,842,878.055,
2521,841,843,413.848,
2522,842,296,716.000,
2523,842,651,984.502,
2524,842,837,884.572,
2525,842,841,1194.375,
2526,842,844,360.955,
2527,843,297,579.000,
2528,843,665,934.020,
2529,843,841,700.049,
2530,843,844,532.330,
2531,843,848,126.843,
2532,844,298,413.000,
2533,844,839,504.275,
2534,844,842,518.634,
2535,844,843,573.060,
2536,844,848,140.507,
2537,845,299,757.000,
2538,845,459,203.954,
2539,845,467,888.363,
2540,845,831,1135.630,
2541,845,846,311.982,
2542,845,875,184.324,
2543,846,300,187.000,
2544,846,835,443.684,
2545,846,836,297.861,
2546,846,845,313.662,
2547,846,847,107.727,
2548,846,856,187.822,
2549,847,301,219.000,
2550,847,839,197.136,
2551,847,840,270.725,
2552,847,846,145.415,
2553,847,848,147.218,
2554,847,857,142.636,
2555,848,302,73.000,
2556,848,447,264.502,
2557,848,843,297.913,
2558,848,844,243.923,
2559,848,847,152.422,
2560,848,858,268.340,
2561,849,303,1410.000,
2562,849,447,528.672,
2563,849,664,1085.641,
2564,849,665,506.976,
2565,849,851,442.247,
2566,849,853,127.314,
2567,849,859,123.282,
2568,850,304,296.000,
2569,850,668,943.820,
2570,850,851,590.485,
2571,850,852,96.269,
2572,850,854,446.507,
2573,851,305,691.000,
2574,851,669,1674.531,
2575,851,849,487.980,
2576,851,850,456.568,
2577,851,853,160.357,
2578,852,306,66.000,
2579,852,850,240.249,
2580,852,853,174.030,
2581,852,854,245.402,
2582,852,860,228.822,
2583,853,307,117.000,
2584,853,849,305.609,
2585,853,851,381.931,
2586,853,852,115.117,
2587,853,860,119.808,
2588,854,308,100.000,
2589,854,670,247.979,
2590,854,850,703.618,
2591,854,852,299.345,
2592,854,861,63.164,
2593,854,905,616.093,
2594,854,907,233.359,
2595,855,309,747.000,
2596,855,466,1147.919,
2597,855,467,1346.152,
2598,855,856,272.027,
2599,855,878,255.186,
2600,856,310,17.000,
2601,856,846,253.162,
2602,856,855,422.936,
2603,856,857,149.689,
2604,856,863,113.183,
2605,857,311,26.000,
2606,857,847,176.063,
2607,857,856,300.184,
2608,857,858,145.553,
2609,857,885,153.271,
2610,858,312,296.000,
2611,858,446,561.235,
2612,858,848,475.529,
2613,858,857,290.637,
2614,858,886,346.971,
2615,859,313,95.000,
2616,859,446,240.271,
2617,859,849,268.702,
2618,859,860,94.353,
2619,859,887,86.526,
2620,860,314,297.000,
2621,860,852,270.771,
2622,860,853,284.765,
2623,860,859,214.275,
2624,860,861,93.753,
2625,860,888,47.514,
2626,861,315,21.000,
2627,861,854,140.091,
2628,861,860,125.246,
2629,861,888,74.610,
2630,861,907,188.157,
2631,861,910,57.113,
2632,862,316,448.000,
2633,862,465,484.318,
2634,862,466,666.697,
2635,862,863,205.948,
2636,862,889,98.996,
2637,863,317,46.000,
2638,863,856,126.937,
2639,863,862,300.907,
2640,863,885,215.340,
2641,863,890,93.493,
2642,864,318,638.000,
2643,864,732,232.253,
2644,864,865,729.804,
2645,864,867,93.498,
2646,864,913,56.325,
2647,865,319,570.000,
2648,865,733,712.829,
2649,865,864,393.164,
2650,865,866,841.214,
2651,865,868,194.774,
2652,866,320,2390.000,
2653,866,736,1470.901,
2654,866,737,1819.069,
2655,866,810,694.411,
2656,866,812,443.723,
2657,866,865,390.707,
2658,866,868,332.231,
2659,866,869,279.726,
2660,867,321,206.000,
2661,867,864,165.219,
2662,867,868,322.294,
2663,867,870,39.142,
2664,868,322,371.000,
2665,868,865,279.005,
2666,868,866,651.679,
2667,868,867,190.231,
2668,868,869,125.907,
2669,868,871,235.568,
2670,869,323,30.000,
2671,869,818,83.119,
2672,869,820,147.097,
2673,869,866,491.823,
2674,869,868,97.853,
2675,869,872,208.572,
2676,870,324,66.000,
2677,870,867,86.927,
2678,870,871,109.960,
2679,871,325,31.000,
2680,871,868,399.239,
2681,871,870,52.745,
2682,871,872,76.806,
2683,871,874,300.183,
2684,872,326,31.000,
2685,872,460,372.277,
2686,872,830,303.651,
2687,872,832,61.901,
2688,872,869,352.552,
2689,872,871,46.322,
2690,873,327,22.000,
2691,873,462,55.591,
2692,873,874,65.416,
2693,874,328,775.000,
2694,874,461,377.869,
2695,874,871,392.123,
2696,874,873,50.608,
2697,874,875,220.771,
2698,875,329,457.000,
2699,875,460,745.443,
2700,875,845,171.211,
2701,875,874,314.298,
2702,875,878,247.266,
2703,876,330,616.000,
2704,876,462,99.258,
2705,876,877,154.746,
2706,876,879,20.021,
2707,877,331,986.000,
2708,877,461,847.001,
2709,877,876,457.371,
2710,877,878,293.443,
2711,877,880,91.485,
2712,878,332,552.000,
2713,878,855,242.876,
2714,878,875,492.839,
2715,878,877,461.103,
2716,878,881,166.042,
2717,879,333,25.000,
2718,879,876,90.999,
2719,879,880,25.664,
2720,879,882,11.104,
2721,880,334,64.000,
2722,880,877,251.127,
2723,880,879,29.013,
2724,880,881,82.962,
2725,880,883,21.046,
2726,881,335,420.000,
2727,881,465,371.657,
2728,881,878,285.965,
2729,881,880,114.922,
2730,881,884,100.515,
2731,882,336,19.000,
2732,882,879,33.734,
2733,882,883,15.850,
2734,883,337,29.000,
2735,883,464,34.571,
2736,883,880,60.076,
2737,883,882,10.480,
2738,884,338,131.000,
2739,884,464,45.812,
2740,884,881,251.531,
2741,884,889,45.247,
2742,885,339,42.000,
2743,885,445,93.258,
2744,885,857,154.109,
2745,885,863,237.637,
2746,885,892,295.438,
2747,886,340,248.000,
2748,886,445,212.143,
2749,886,858,610.798,
2750,886,887,106.665,
2751,886,892,805.541,
2752,887,341,19.000,
2753,887,859,154.561,
2754,887,886,194.992,
2755,887,888,100.368,
2756,887,893,98.737,
2757,888,342,112.000,
2758,888,860,191.848,
2759,888,861,153.339,
2760,888,887,134.225,
2761,888,894,62.368,
2762,888,910,78.057,
2763,889,343,64.000,
2764,889,862,162.793,
2765,889,884,42.025,
2766,889,895,49.687,
2767,890,344,41.000,
2768,890,863,79.910,
2769,890,891,174.639,
2770,890,896,15.214,
2771,891,345,220.000,
2772,891,890,72.746,
2773,891,896,30.869,
2774,891,897,777.014,
2775,891,899,34.097,
2776,892,346,2159.000,
2777,892,885,200.411,
2778,892,886,773.039,
2779,892,897,2038.541,
2780,893,347,134.000,
2781,893,887,177.241,
2782,893,894,132.110,
2783,893,898,364.763,
2784,893,901,26.331,
2785,894,348,117.000,
2786,894,888,190.863,
2787,894,893,157.019,
2788,894,910,115.242,
2789,895,349,58.000,
2790,895,889,61.262,
2791,895,896,84.007,
2792,896,350,68.000,
2793,896,890,20.525,
2794,896,891,173.585,
2795,896,895,24.582,
2796,896,899,67.211,
2797,897,351,3386.000,
2798,897,443,449.640,
2799,897,891,215.513,
2800,897,892,1796.011,
2801,897,899,82.328,
2802,898,352,364.000,
2803,898,442,106.157,
2804,898,443,905.040,
2805,898,893,225.011,
2806,898,900,85.669,
2807,899,353,121.000,
2808,899,442,46.944,
2809,899,891,32.988,
2810,899,896,22.813,
2811,899,897,315.477,
2812,900,354,84.000,
2813,900,898,311.323,
2814,900,901,48.785,
2815,901,355,75.000,
2816,901,893,55.677,
2817,901,900,133.439,
2818,902,356,17039.000,
2819,902,513,901.591,
2820,902,541,3363.801,
2821,902,542,6240.421,
2822,902,660,5198.202,
2823,902,661,3901.982,
2824,902,670,452.804,
2825,903,357,9494.000,
2826,903,514,960.365,
2827,903,516,1611.779,
2828,903,542,9201.236,
2829,903,543,1152.204,
2830,903,544,2263.197,
2831,904,358,3098.000,
2832,904,544,3006.401,
2833,904,906,1202.666,
2834,905,359,3796.000,
2835,905,513,2068.082,
2836,905,514,1253.973,
2837,905,670,1535.547,
2838,905,854,605.966,
2839,905,906,1277.637,
2840,905,907,454.142,
2841,906,360,5131.000,
2842,906,516,2479.841,
2843,906,904,1149.321,
2844,906,905,1065.959,
2845,906,908,1020.776,
2846,906,909,89.481,
2847,906,931,104.000,
2848,907,361,407.000,
2849,907,854,448.115,
2850,907,861,105.272,
2851,907,905,991.726,
2852,907,908,680.687,
2853,907,910,64.864,
2854,908,362,2046.000,
2855,908,517,220.451,
2856,908,906,2008.707,
2857,908,907,692.060,
2858,908,911,244.775,
2859,908,912,21.338,
2860,909,363,183.000,
2861,909,517,189.169,
2862,909,906,380.044,
2863,909,912,30.580,
2864,910,364,196.000,
2865,910,861,128.690,
2866,910,888,75.483,
2867,910,894,47.646,
2868,910,907,228.946,
2869,910,911,323.641,
2870,911,365,559.000,
2871,911,518,73.321,
2872,911,908,639.031,
2873,911,910,212.129,
2874,912,366,66.000,
2875,912,518,66.792,
2876,912,908,73.794,
2877,912,909,75.979,
2878,913,367,1337.000,
2879,913,417,743.555,
2880,913,708,73.426,
2881,913,714,221.481,
2882,913,720,530.310,
2883,913,726,808.549,
2884,913,801,79.445,
2885,913,864,69.538,
2886,914,368,1765.000,
2887,914,389,254.777,
2888,914,780,108.269,
2889,914,785,209.531,
2890,914,793,603.211,
2891,914,915,14.782,
2892,915,369,120.000,
2893,915,914,108.086,
2894,915,916,179.001,
2895,916,370,212.000,
2896,916,780,465.535,
2897,916,915,108.305,
2898,916,917,277.197,
2899,917,371,215.000,
2900,917,781,140.179,
2901,917,782,348.797,
2902,917,916,189.021,
2903,917,918,183.066,
2904,918,372,207.000,
2905,918,782,130.516,
2906,918,783,316.088,
2907,918,917,97.096,
2908,918,919,245.042,
2909,919,373,557.000,
2910,919,783,457.092,
2911,919,784,466.958,
2912,919,918,133.764,
2913,919,920,572.461,
2914,919,924,148.000,
2915,920,374,528.000,
2916,920,738,310.895,
2917,920,740,721.495,
2918,920,919,346.154,
2919,920,921,674.674,
2920,921,375,489.000,
2921,921,418,1100.075,
2922,921,739,291.337,
2923,921,743,432.343,
2924,921,920,237.542,
2925,922,376,3345.000,
2926,922,418,554.449,
2927,922,743,2109.485,
2928,922,744,2916.803,
2929,923,377,1517.000,
2930,923,418,1661.000,
2931,924,378,148.000,
2932,924,919,189.000,
2933,925,379,1413.000,
2934,925,390,1280.000,
2935,926,380,371.000,
2936,926,417,484.000,
2937,927,381,1569.000,
2938,927,462,1903.000,
2939,928,382,1728.000,
2940,928,463,1555.000,
2941,929,383,653.000,
2942,929,442,724.000,
2943,930,384,0.000,
2944,930,518,0.000,
2945,931,385,104.000,
2946,931,906,157.000,
2947,932,386,25.000,
2948,932,515,22.000,
2949,933,387,5468.000,
2950,933,534,5837.000,
