road_link_id,from_node_id,to_node_id,volume,travel_time
1,1,547,4854.000,0.862682
2,2,548,6581.000,0.862710
3,3,549,9940.000,0.862880
4,4,550,9272.000,0.862829
5,5,551,16986.000,0.864464
6,6,552,6268.000,0.862703
7,7,553,9692.000,0.862860
8,8,554,9070.000,0.862816
9,9,555,6524.000,0.862709
10,10,556,13643.000,0.863417
11,11,557,10384.000,0.862921
12,12,558,6799.000,0.862716
13,13,559,9192.000,0.862824
14,14,560,14547.000,0.863635
15,15,561,8707.000,0.862794
16,16,562,10067.000,0.862891
17,17,563,8887.000,0.862804
18,18,564,9036.000,0.862814
19,19,565,2433.000,0.862671
20,20,566,7490.000,0.862738
21,21,567,4506.000,0.862679
22,22,568,3205.000,0.862672
23,23,569,12414.000,0.863182
24,24,570,5784.000,0.862694
25,25,571,5767.000,0.862694
26,26,572,12721.000,0.863234
27,27,573,7554.000,0.862740
28,28,574,8521.000,0.862784
29,29,575,14380.000,0.863592
30,30,576,5209.000,0.862686
31,31,577,7649.000,0.862744
32,32,578,7717.000,0.862746
33,33,579,4525.000,0.862679
34,34,580,6278.000,0.862704
35,35,581,4962.000,0.862683
36,36,582,5861.000,0.862695
37,37,583,1024.000,0.862670
38,38,584,2012.000,0.862670
39,39,585,6520.000,0.862709
40,40,586,1698.000,0.862670
41,41,587,7825.000,0.862751
42,42,588,1939.000,0.862670
43,43,589,5038.000,0.862684
44,44,590,6918.000,0.862719
45,45,591,6058.000,0.862699
46,46,592,6358.000,0.862705
47,47,593,2727.000,0.862671
48,48,594,4797.000,0.862681
49,49,595,3318.000,0.862673
50,50,596,4573.000,0.862679
51,51,597,1465.000,0.862670
52,52,598,1924.000,0.862670
53,53,599,4518.000,0.862679
54,54,600,1086.000,0.862670
55,55,601,1582.000,0.862670
56,56,602,4064.000,0.862676
57,57,603,1457.000,0.862670
58,58,604,5731.000,0.862693
59,59,605,5016.000,0.862684
60,60,606,4956.000,0.862683
61,61,607,5035.000,0.862684
62,62,608,5296.000,0.862687
63,63,609,3490.000,0.862673
64,64,610,8846.000,0.862802
65,65,611,3275.000,0.862673
66,66,612,6027.000,0.862698
67,67,613,3667.000,0.862674
68,68,614,6336.000,0.862705
69,69,615,6050.000,0.862699
70,70,616,4341.000,0.862678
71,71,617,3821.000,0.862675
72,72,618,7092.000,0.862725
73,73,619,7436.000,0.862736
74,74,620,2523.000,0.862671
75,75,621,2557.000,0.862671
76,76,622,5726.000,0.862693
77,77,623,7734.000,0.862747
78,78,624,6636.000,0.862712
79,79,625,3681.000,0.862674
80,80,626,10112.000,0.862895
81,81,627,8104.000,0.862763
82,82,628,5542.000,0.862690
83,83,629,4081.000,0.862676
84,84,630,6263.000,0.862703
85,85,631,13058.000,0.863297
86,86,632,5067.000,0.862684
87,87,633,5734.000,0.862693
88,88,634,4366.000,0.862678
89,89,635,2159.000,0.862670
90,90,636,2055.000,0.862670
91,91,637,6842.000,0.862717
92,92,638,1509.000,0.862670
93,93,639,4155.000,0.862676
94,94,640,315.000,0.862670
95,95,641,2560.000,0.862671
96,96,642,405.000,0.862670
97,97,643,6129.000,0.862700
98,98,644,8215.000,0.862768
99,99,645,4316.000,0.862677
100,100,646,3392.000,0.862673
101,101,647,2939.000,0.862672
102,102,648,3482.000,0.862673
103,103,649,1542.000,0.862670
104,104,650,2910.000,0.862672
105,105,651,806.000,0.862670
106,106,652,3663.000,0.862674
107,107,653,3435.000,0.862673
108,108,654,3543.000,0.862673
109,109,655,2812.000,0.862671
110,110,656,5478.000,0.862689
111,111,657,5256.000,0.862686
112,112,658,3456.000,0.862673
113,113,659,3572.000,0.862674
114,114,660,2017.000,0.862670
115,115,661,3832.000,0.862675
116,116,662,2207.000,0.862671
117,117,663,683.000,0.862670
118,118,664,4098.000,0.862676
119,119,665,1125.000,0.862670
120,120,666,1336.000,0.862670
121,121,667,3570.000,0.862674
122,122,668,1757.000,0.862670
123,123,669,4069.000,0.862676
124,124,670,1670.000,0.862670
125,125,671,2038.000,0.862670
126,126,672,378.000,0.862670
127,127,673,1947.000,0.862670
128,128,674,685.000,0.862670
129,129,675,3632.000,0.862674
130,130,676,2781.000,0.862671
131,131,677,4791.000,0.862681
132,132,678,3764.000,0.862674
133,133,679,4938.000,0.862683
134,134,680,3127.000,0.862672
135,135,681,5252.000,0.862686
136,136,682,6137.000,0.862701
137,137,683,2152.000,0.862670
138,138,684,1246.000,0.862670
139,139,685,1445.000,0.862670
140,140,686,937.000,0.862670
141,141,687,5064.000,0.862684
142,142,688,4878.000,0.862682
143,143,689,3860.000,0.862675
144,144,690,2882.000,0.862671
145,145,691,6982.000,0.862721
146,146,692,6726.000,0.862714
147,147,693,6030.000,0.862698
148,148,694,6410.000,0.862706
149,149,695,3928.000,0.862675
150,150,696,1278.000,0.862670
151,151,697,1485.000,0.862670
152,152,698,2240.000,0.862671
153,153,699,4187.000,0.862677
154,154,700,4861.000,0.862682
155,155,701,4249.000,0.862677
156,156,702,4123.000,0.862676
157,157,703,5629.000,0.862692
158,158,704,6009.000,0.862698
159,159,705,4332.000,0.862678
160,160,706,4851.000,0.862682
161,161,707,1546.000,0.862670
162,162,708,468.000,0.862670
163,163,709,275.000,0.862670
164,164,710,2274.000,0.862671
165,165,711,305.000,0.862670
166,166,712,2174.000,0.862670
167,167,713,947.000,0.862670
168,168,714,165.000,0.862670
169,169,715,395.000,0.862670
170,170,716,5025.000,0.862684
171,171,717,910.000,0.862670
172,172,718,2815.000,0.862671
173,173,719,429.000,0.862670
174,174,720,205.000,0.862670
175,175,721,1078.000,0.862670
176,176,722,678.000,0.862670
177,177,723,287.000,0.862670
178,178,724,2324.000,0.862671
179,179,725,1565.000,0.862670
180,180,726,209.000,0.862670
181,181,727,499.000,0.862670
182,182,728,2056.000,0.862670
183,183,729,1003.000,0.862670
184,184,730,1273.000,0.862670
185,185,731,795.000,0.862670
186,186,732,361.000,0.862670
187,187,733,804.000,0.862670
188,188,734,2780.000,0.862671
189,189,735,3343.000,0.862673
190,190,736,4678.000,0.862680
191,191,737,3529.000,0.862673
192,192,738,1099.000,0.862670
193,193,739,66.000,0.862670
194,194,740,1100.000,0.862670
195,195,741,770.000,0.862670
196,196,742,563.000,0.862670
197,197,743,620.000,0.862670
198,198,744,2273.000,0.862671
199,199,745,2803.000,0.862671
200,200,746,2368.000,0.862671
201,201,747,963.000,0.862670
202,202,748,1498.000,0.862670
203,203,749,1346.000,0.862670
204,204,750,1789.000,0.862670
205,205,751,1827.000,0.862670
206,206,752,593.000,0.862670
207,207,753,1828.000,0.862670
208,208,754,1371.000,0.862670
209,209,755,4274.000,0.862677
210,210,756,5877.000,0.862696
211,211,757,1905.000,0.862670
212,212,758,369.000,0.862670
213,213,759,27.000,0.862670
214,214,760,1254.000,0.862670
215,215,761,88.000,0.862670
216,216,762,1086.000,0.862670
217,217,763,1540.000,0.862670
218,218,764,1205.000,0.862670
219,219,765,3809.000,0.862675
220,220,766,4219.000,0.862677
221,221,767,2343.000,0.862671
222,222,768,2615.000,0.862671
223,223,769,699.000,0.862670
224,224,770,1244.000,0.862670
225,225,771,902.000,0.862670
226,226,772,1915.000,0.862670
227,227,773,888.000,0.862670
228,228,774,2025.000,0.862670
229,229,775,2191.000,0.862670
230,230,776,2802.000,0.862671
231,231,777,3052.000,0.862672
232,232,778,3736.000,0.862674
233,233,779,3838.000,0.862675
234,234,780,784.000,0.862670
235,235,781,177.000,0.862670
236,236,782,250.000,0.862670
237,237,783,623.000,0.862670
238,238,784,186.000,0.862670
239,239,785,383.000,0.862670
240,240,786,257.000,0.862670
241,241,787,1049.000,0.862670
242,242,788,239.000,0.862670
243,243,789,476.000,0.862670
244,244,790,1666.000,0.862670
245,245,791,718.000,0.862670
246,246,792,1046.000,0.862670
247,247,793,884.000,0.862670
248,248,794,276.000,0.862670
249,249,795,2146.000,0.862670
250,250,796,419.000,0.862670
251,251,797,168.000,0.862670
252,252,798,479.000,0.862670
253,253,799,1173.000,0.862670
254,254,800,770.000,0.862670
255,255,801,229.000,0.862670
256,256,802,349.000,0.862670
257,257,803,1253.000,0.862670
258,258,804,1475.000,0.862670
259,259,805,2756.000,0.862671
260,260,806,1326.000,0.862670
261,261,807,1087.000,0.862670
262,262,808,1200.000,0.862670
263,263,809,765.000,0.862670
264,264,810,197.000,0.862670
265,265,811,17.000,0.862670
266,266,812,48.000,0.862670
267,267,813,2969.000,0.862672
268,268,814,1748.000,0.862670
269,269,815,1176.000,0.862670
270,270,816,835.000,0.862670
271,271,817,312.000,0.862670
272,272,818,425.000,0.862670
273,273,819,1214.000,0.862670
274,274,820,95.000,0.862670
275,275,821,1100.000,0.862670
276,276,822,384.000,0.862670
277,277,823,1206.000,0.862670
278,278,824,914.000,0.862670
279,279,825,1138.000,0.862670
280,280,826,480.000,0.862670
281,281,827,201.000,0.862670
282,282,828,59.000,0.862670
283,283,829,1762.000,0.862670
284,284,830,300.000,0.862670
285,285,831,461.000,0.862670
286,286,832,185.000,0.862670
287,287,833,3237.000,0.862672
288,288,834,5045.000,0.862684
289,289,835,826.000,0.862670
290,290,836,597.000,0.862670
291,291,837,656.000,0.862670
292,292,838,543.000,0.862670
293,293,839,451.000,0.862670
294,294,840,490.000,0.862670
295,295,841,664.000,0.862670
296,296,842,1051.000,0.862670
297,297,843,743.000,0.862670
298,298,844,326.000,0.862670
299,299,845,713.000,0.862670
300,300,846,256.000,0.862670
301,301,847,337.000,0.862670
302,302,848,122.000,0.862670
303,303,849,1412.000,0.862670
304,304,850,536.000,0.862670
305,305,851,1219.000,0.862670
306,306,852,141.000,0.862670
307,307,853,244.000,0.862670
308,308,854,261.000,0.862670
309,309,855,714.000,0.862670
310,310,856,40.000,0.862670
311,311,857,36.000,0.862670
312,312,858,349.000,0.862670
313,313,859,136.000,0.862670
314,314,860,376.000,0.862670
315,315,861,34.000,0.862670
316,316,862,596.000,0.862670
317,317,863,111.000,0.862670
318,318,864,847.000,0.862670
319,319,865,835.000,0.862670
320,320,866,2644.000,0.862671
321,321,867,297.000,0.862670
322,322,868,400.000,0.862670
323,323,869,67.000,0.862670
324,324,870,128.000,0.862670
325,325,871,42.000,0.862670
326,326,872,50.000,0.862670
327,327,873,34.000,0.862670
328,328,874,428.000,0.862670
329,329,875,491.000,0.862670
330,330,876,171.000,0.862670
331,331,877,1235.000,0.862670
332,332,878,722.000,0.862670
333,333,879,46.000,0.862670
334,334,880,129.000,0.862670
335,335,881,454.000,0.862670
336,336,882,21.000,0.862670
337,337,883,17.000,0.862670
338,338,884,241.000,0.862670
339,339,885,48.000,0.862670
340,340,886,454.000,0.862670
341,341,887,42.000,0.862670
342,342,888,210.000,0.862670
343,343,889,78.000,0.862670
344,344,890,108.000,0.862670
345,345,891,500.000,0.862670
346,346,892,2162.000,0.862670
347,347,893,259.000,0.862670
348,348,894,300.000,0.862670
349,349,895,93.000,0.862670
350,350,896,184.000,0.862670
351,351,897,1675.000,0.862670
352,352,898,573.000,0.862670
353,353,899,253.000,0.862670
354,354,900,211.000,0.862670
355,355,901,160.000,0.862670
356,356,902,13544.000,0.863395
357,357,903,11412.000,0.863036
358,358,904,4004.000,0.862676
359,359,905,5196.000,0.862686
360,360,906,4091.000,0.862676
361,361,907,863.000,0.862670
362,362,908,2531.000,0.862671
363,363,909,517.000,0.862670
364,364,910,431.000,0.862670
365,365,911,810.000,0.862670
366,366,912,171.000,0.862670
367,367,913,2319.000,0.862671
368,368,914,1025.000,0.862670
369,369,915,267.000,0.862670
370,370,916,539.000,0.862670
371,371,917,507.000,0.862670
372,372,918,526.000,0.862670
373,373,919,1108.000,0.862670
374,374,920,1384.000,0.862670
375,375,921,773.000,0.862670
376,376,922,5384.000,0.862688
377,377,923,1507.000,0.862670
378,378,924,129.000,0.862670
379,379,925,1147.000,0.862670
380,380,926,315.000,0.862670
381,381,927,1876.000,0.862670
382,382,928,1555.000,0.862670
383,383,929,699.000,0.862670
384,384,930,0.000,0.862670
385,385,931,130.000,0.862670
386,386,932,15.000,0.862670
387,387,933,5736.000,0.862693
388,388,390,1310.774,12.082347
389,388,391,1197.111,6.370230
390,388,708,224.021,1.813703
391,388,802,100.614,4.426184
392,389,390,64.157,4.700572
393,389,801,144.467,7.509702
394,389,914,192.668,3.301917
395,390,388,1177.099,12.069918
396,390,389,57.832,4.700568
397,390,925,1287.000,7.079572
398,391,388,1253.189,6.372853
399,391,392,1217.110,4.568700
400,391,709,99.432,1.269330
401,391,715,131.695,4.716373
402,392,391,1213.438,4.568580
403,392,393,1275.952,2.707745
404,392,713,329.284,1.677954
405,392,717,490.495,1.618592
406,393,392,1194.727,2.706090
407,393,394,1501.182,3.115392
408,393,712,1846.710,2.741030
409,393,716,2002.579,0.622895
410,394,393,1079.986,3.112616
411,394,395,2138.439,2.269151
412,394,584,377.413,5.004842
413,394,601,607.466,0.746186
414,395,394,1229.189,2.259057
415,395,396,1864.387,3.366955
416,395,584,717.747,3.874887
417,395,600,820.969,0.830067
418,396,395,707.304,3.357422
419,396,397,1864.387,1.958613
420,397,396,707.304,1.953067
421,397,398,1826.831,2.183100
422,397,588,781.510,2.502728
423,397,604,2818.301,1.233829
424,398,397,472.616,2.177306
425,398,399,2679.677,0.635802
426,398,400,730.415,1.955857
427,398,403,1608.987,2.806689
428,399,398,1006.179,0.628184
429,399,537,5228.175,4.639865
430,399,604,4218.926,1.732893
431,399,609,4720.566,1.406314
432,400,398,1373.184,1.956394
433,400,401,399.524,3.455551
434,400,587,949.096,2.976060
435,400,609,708.350,4.022915
436,401,400,1180.015,3.457138
437,401,402,0.000,1.500400
438,401,585,2350.849,1.004007
439,401,590,4170.471,2.298173
440,402,401,0.000,1.500400
441,403,398,1285.500,2.806281
442,403,404,2160.987,3.010026
443,403,606,1648.966,1.466669
444,403,611,2356.241,3.690702
445,404,403,1820.826,3.007295
446,404,405,4339.106,0.995048
447,404,675,2157.712,1.548673
448,404,680,5614.780,1.872823
449,405,404,3682.647,0.957509
450,405,406,901.883,2.187007
451,405,488,4639.231,1.058780
452,406,405,2632.539,2.211865
453,406,407,987.794,3.051307
454,406,677,2315.400,0.864350
455,406,682,3380.435,2.737548
456,407,406,1872.653,3.059614
457,407,408,1215.429,2.945382
458,407,687,2999.060,0.826249
459,407,692,6220.821,2.765025
460,408,407,1874.514,2.952563
461,408,409,1335.125,1.915930
462,408,689,1791.455,1.150817
463,408,694,3211.004,4.199695
464,409,408,2105.824,1.923505
465,409,410,1072.776,3.581478
466,409,538,1836.460,1.412134
467,409,539,5140.667,2.982918
468,410,409,2711.547,3.626792
469,410,411,775.721,2.992573
470,410,690,2126.998,3.351531
471,410,700,2744.512,0.975607
472,411,410,1895.352,3.030079
473,411,412,406.658,2.938230
474,411,685,2454.381,2.931350
475,411,695,2787.369,0.641309
476,412,411,1188.399,2.944008
477,412,413,406.658,2.872908
478,413,412,1188.399,2.878558
479,413,414,462.734,2.808779
480,413,730,2126.341,3.208213
481,413,734,1939.191,0.627234
482,414,413,869.427,2.810254
483,414,415,235.835,4.373764
484,414,731,1195.329,3.207141
485,414,735,1735.137,0.642630
486,415,414,630.497,4.374441
487,415,416,334.727,6.155037
488,415,727,230.399,4.244662
489,415,733,469.994,1.756416
490,416,415,831.252,6.157897
491,416,417,334.699,5.594140
492,416,726,143.110,2.045098
493,416,732,107.649,3.951375
494,417,416,721.119,5.595582
495,417,732,253.545,8.197214
496,417,913,330.287,3.127147
497,417,926,210.000,6.520173
498,418,419,1547.899,5.514167
499,418,921,940.459,2.355126
500,418,922,956.362,4.286325
501,418,923,1323.000,10.399341
502,419,418,1220.196,5.509510
503,419,420,1621.110,4.821959
504,419,739,230.985,3.413018
505,419,743,342.277,1.628342
506,420,419,1170.434,4.816148
507,420,421,2183.447,2.987096
508,420,751,869.201,2.503644
509,420,752,545.541,0.906979
510,421,420,1199.541,2.972366
511,421,422,3210.906,3.334899
512,421,753,1529.789,1.549819
513,421,754,963.925,1.849933
514,422,421,1292.233,3.254116
515,422,423,4074.788,2.994486
516,422,762,1146.330,0.768001
517,422,766,980.460,3.473471
518,423,422,1557.952,2.812621
519,423,424,3566.704,3.219386
520,423,764,1375.050,1.068476
521,423,767,949.465,3.922402
522,424,423,1356.334,3.101537
523,424,425,3901.754,3.238270
524,424,773,1268.672,0.947017
525,424,777,896.220,3.652196
526,425,424,1420.666,3.070639
527,425,426,4445.840,1.679953
528,425,775,2020.489,1.705907
529,425,779,2194.766,2.113746
530,426,425,1781.832,1.539656
531,426,427,2653.336,1.002104
532,426,441,2063.027,4.421720
533,427,426,1309.653,0.957608
534,427,428,603.637,3.242620
535,427,594,5549.317,0.788714
536,427,779,1754.134,2.575843
537,428,427,210.854,3.242196
538,428,429,246.251,0.682002
539,428,431,1083.209,0.955115
540,429,428,560.037,0.682067
541,429,430,0.000,0.600780
542,429,593,3757.237,1.017224
543,429,778,1585.486,2.398193
544,430,429,0.000,0.600780
545,431,428,376.640,0.954805
546,431,432,1492.868,3.224730
547,431,593,1573.456,0.684449
548,431,597,1377.264,2.433660
549,432,431,881.760,3.221357
550,432,433,1630.848,2.383820
551,432,595,2113.242,1.678244
552,432,599,2253.495,1.578300
553,433,432,756.331,2.379967
554,433,434,1759.417,2.016707
555,433,616,2240.018,2.800658
556,433,617,1976.594,0.764545
557,434,433,1094.387,2.012773
558,434,435,1507.532,2.609150
559,434,618,2548.022,3.173295
560,434,619,3651.637,0.639449
561,435,434,1352.286,2.608011
562,435,436,2700.352,1.808538
563,435,552,4692.127,1.541951
564,435,554,4875.281,2.124395
565,436,435,2585.677,1.804907
566,436,437,1845.299,2.763489
567,436,496,4912.475,0.965537
568,437,436,2225.258,2.772038
569,437,438,3722.016,3.974683
570,437,554,2866.056,1.077999
571,437,556,3648.526,3.666436
572,438,437,3807.153,3.991254
573,438,439,2040.115,2.205130
574,438,535,1078.699,7.091777
575,438,536,2476.718,1.876040
576,438,540,3828.848,1.830248
577,439,438,3431.484,2.269076
578,439,440,1383.293,2.320037
579,439,614,5355.472,2.560576
580,439,615,6105.703,0.901286
581,440,439,3029.606,2.364867
582,440,441,799.125,2.440999
583,440,612,2502.549,3.197671
584,440,613,2455.096,1.156496
585,441,426,742.702,4.402901
586,441,440,2214.888,2.454857
587,441,591,4009.264,1.927179
588,441,596,4982.370,1.403144
589,442,443,575.013,3.929129
590,442,898,85.554,6.251744
591,442,899,68.852,1.544483
592,442,929,617.000,32.886566
593,443,442,482.180,3.928912
594,443,444,615.423,4.529459
595,443,897,832.435,2.173370
596,443,898,287.412,3.884226
597,444,443,519.259,4.529139
598,444,445,615.423,5.430119
599,445,444,519.259,5.429734
600,445,446,614.390,6.812510
601,445,885,173.985,4.737091
602,445,886,149.836,1.642604
603,446,445,578.936,6.812305
604,446,447,835.661,6.290805
605,446,858,502.894,1.418823
606,446,859,89.338,4.744690
607,447,446,676.473,6.289056
608,447,448,537.288,4.322760
609,447,848,177.397,3.813352
610,447,849,496.708,2.161927
611,448,447,375.807,4.322486
612,448,449,725.114,2.989198
613,448,664,1199.304,2.758142
614,448,665,988.910,0.657618
615,449,448,502.100,2.989046
616,449,450,998.036,1.830436
617,449,662,920.940,2.651380
618,449,663,1026.622,0.689102
619,450,449,566.395,1.830045
620,450,451,1478.849,1.311234
621,450,453,1166.658,4.057734
622,450,508,1098.989,3.520782
623,451,450,852.703,1.309896
624,451,452,2554.265,2.021392
625,451,654,1559.827,2.009371
626,451,655,2349.162,1.236573
627,452,451,1586.348,2.003991
628,452,525,3294.692,2.217670
629,452,652,2572.688,2.167767
630,452,654,2580.506,1.137813
631,453,450,1548.729,4.061530
632,453,454,1058.356,9.144565
633,453,650,465.140,2.914518
634,453,841,513.133,0.868495
635,454,453,1315.536,9.160453
636,454,455,1172.087,3.004597
637,454,838,295.902,1.986978
638,454,840,365.872,1.203150
639,455,454,1305.159,3.007638
640,455,456,1246.407,2.935705
641,455,833,830.528,2.147321
642,455,835,785.810,1.185246
643,456,455,1374.297,2.939082
644,456,457,1353.125,3.194960
645,456,834,1479.745,1.970628
646,456,836,1204.624,1.135062
647,457,456,1679.139,3.209593
648,457,458,1218.134,1.585963
649,457,829,561.138,3.095979
650,457,831,785.441,0.720934
651,458,457,1695.093,1.595540
652,458,459,1531.620,1.372610
653,458,467,781.428,5.619394
654,458,468,1507.139,3.104720
655,459,458,2077.088,1.376924
656,459,460,1579.971,5.078247
657,459,832,258.702,1.273774
658,459,845,92.095,3.638082
659,460,459,2069.404,5.139326
660,460,461,1597.348,6.828600
661,460,872,372.368,4.805172
662,460,875,265.584,1.099695
663,461,460,2028.042,6.899170
664,461,462,1564.065,5.831928
665,461,874,529.866,2.430335
666,461,877,324.227,3.937158
667,462,461,1892.745,5.871622
668,462,873,31.418,3.261080
669,462,876,89.858,2.740255
670,462,927,1529.000,7.769013
671,463,464,1555.000,4.187551
672,463,928,1716.000,16.798346
673,464,463,1716.000,4.199304
674,464,465,1543.968,7.852593
675,464,883,25.141,2.788040
676,464,884,21.275,3.361650
677,465,464,1698.808,7.873245
678,465,466,1512.663,6.034266
679,465,862,339.825,4.474319
680,465,881,238.987,1.543195
681,466,465,1442.509,6.028831
682,466,467,883.224,5.738789
683,466,855,1179.332,2.104367
684,466,862,323.941,3.972040
685,467,458,1110.835,5.625850
686,467,466,678.498,5.736515
687,467,845,907.875,2.210211
688,467,855,833.305,3.799342
689,468,458,1109.221,3.093464
690,468,469,1633.546,3.206955
691,468,829,575.029,1.666790
692,468,830,504.293,1.506964
693,469,468,1192.837,3.190734
694,469,470,1699.717,2.968401
695,469,819,356.804,0.659840
696,469,824,301.179,3.541204
697,470,469,1173.220,2.949415
698,470,471,1909.784,4.199519
699,470,817,293.712,0.613724
700,470,822,195.266,3.196657
701,471,470,1211.689,4.153340
702,471,472,2248.448,3.253642
703,471,815,302.943,3.242240
704,471,816,384.678,0.657017
705,472,471,1249.199,3.180313
706,472,473,3767.924,1.630433
707,472,813,660.214,1.871878
708,472,815,1020.364,1.449003
709,473,472,1570.905,1.557473
710,473,474,1375.167,2.992186
711,473,475,2880.419,2.971850
712,473,707,844.473,4.146050
713,473,813,872.964,0.809464
714,474,473,466.421,2.989654
715,474,538,2012.658,3.003271
716,474,701,1986.823,0.833453
717,474,706,3336.601,2.712138
718,475,473,1161.058,2.924825
719,475,476,1541.623,1.530732
720,475,706,1347.243,2.527827
721,475,707,1374.819,1.182317
722,476,475,600.857,1.528708
723,476,477,2883.863,3.439880
724,476,705,1920.332,2.315088
725,476,707,1610.667,1.192378
726,477,476,1421.990,3.387030
727,477,478,4075.895,2.350312
728,477,503,2733.136,0.796718
729,477,504,1159.224,0.873523
730,478,477,1681.041,2.298581
731,478,479,3988.582,3.083563
732,478,633,4333.043,2.084862
733,478,703,4272.394,1.385745
734,479,478,1454.769,3.020486
735,479,480,3251.029,1.184374
736,479,629,3053.494,2.598246
737,479,693,5134.980,2.206311
738,480,479,2157.447,1.175496
739,480,481,1799.290,1.297265
740,480,483,3160.162,1.561502
741,480,484,4472.783,1.974336
742,480,486,4400.781,1.954654
743,481,480,1672.785,1.296442
744,481,482,0.000,0.488000
745,481,483,3509.119,1.113702
746,481,691,2686.086,2.319251
747,482,481,0.000,0.488000
748,483,480,3010.804,1.555075
749,483,481,3107.012,1.108302
750,483,539,1664.518,3.082999
751,483,693,6749.960,0.800967
752,484,480,3861.965,1.897478
753,484,485,2749.037,3.030598
754,484,627,5857.693,1.972663
755,484,629,2705.571,1.538141
756,485,484,2365.579,3.012089
757,485,489,2283.838,2.455932
758,485,626,5775.500,1.920541
759,485,628,3908.715,1.390754
760,486,480,4193.881,1.944190
761,486,535,4244.453,0.258369
762,486,627,7549.691,2.677605
763,486,691,5335.289,1.139714
764,487,488,1466.384,2.406568
765,487,535,3256.516,3.529251
766,487,681,3909.713,2.353179
767,487,682,3514.884,1.932429
768,488,405,2252.117,0.958733
769,488,487,3022.816,2.452070
770,488,680,3142.153,3.155750
771,488,682,3670.561,1.722908
772,489,485,2287.396,2.456031
773,489,490,1866.550,0.978897
774,489,630,3381.722,1.950891
775,489,631,2602.248,1.850085
776,490,489,1850.126,0.978863
777,490,491,1814.396,2.400654
778,490,557,3430.852,2.516403
779,490,631,4349.296,1.301383
780,491,490,777.790,2.398544
781,491,492,1409.620,2.635194
782,491,558,3850.765,2.390080
783,491,559,2788.304,0.740814
784,492,491,682.451,2.634368
785,492,493,3215.464,1.001930
786,492,561,4938.239,2.226718
787,492,562,3923.420,0.741063
788,493,492,2311.626,0.995393
789,493,494,6707.341,2.234375
790,493,497,5779.962,1.540368
791,493,562,9094.349,0.588828
792,493,564,8348.945,1.858108
793,494,493,7475.945,2.410839
794,494,495,4456.361,2.611345
795,494,561,6394.253,0.690665
796,494,563,8590.098,2.384507
797,495,494,6432.227,2.689292
798,495,496,3806.645,2.384130
799,495,551,4934.707,3.390747
800,495,560,4814.365,0.633615
801,496,436,4417.842,0.961148
802,496,495,5269.243,2.414558
803,496,553,5485.605,1.623037
804,496,556,6981.908,1.254121
805,497,493,8193.099,1.941530
806,497,498,5779.962,0.632974
807,498,497,8193.099,0.797821
808,498,499,1437.045,1.258837
809,498,533,4815.304,1.283061
810,499,498,1930.858,1.261745
811,499,500,1363.387,2.608081
812,499,567,10175.438,1.625446
813,499,569,6680.650,1.062324
814,500,499,2289.900,2.623116
815,500,501,1432.817,3.311436
816,500,566,6279.360,2.420841
817,500,570,4886.817,0.810981
818,501,500,2594.715,3.344077
819,501,502,710.487,3.192075
820,501,571,2985.882,1.139436
821,501,636,5276.633,1.202659
822,502,501,1695.321,3.198208
823,502,503,1037.562,3.330274
824,502,632,2139.387,2.661971
825,502,634,1479.834,1.811362
826,503,477,2531.707,0.795738
827,503,502,1900.059,3.333597
828,503,504,1808.387,0.366245
829,503,633,3159.865,3.069610
830,504,477,2293.635,0.875421
831,504,503,4592.447,0.376171
832,504,505,1673.817,3.230519
833,504,635,2152.351,0.712334
834,505,504,4114.488,3.306138
835,505,506,716.794,2.233850
836,505,634,3862.944,1.840298
837,505,639,2552.552,1.399191
838,506,505,1995.282,2.236775
839,506,507,803.422,3.580698
840,506,639,3779.354,0.904910
841,506,644,2472.859,2.434827
842,507,506,2123.984,3.597828
843,507,508,332.901,7.073921
844,507,578,607.841,5.177427
845,507,646,1540.371,0.318306
846,508,450,911.423,3.520133
847,508,507,1025.041,7.075775
848,508,509,1425.286,1.893854
849,509,508,1929.861,1.898278
850,509,510,1616.682,2.994521
851,509,659,3320.134,1.131760
852,509,667,2415.374,2.179509
853,510,509,1678.491,2.995315
854,510,511,1837.511,0.244668
855,510,658,2461.080,1.072039
856,510,666,1797.620,2.234015
857,511,510,1859.928,0.244701
858,511,512,1778.443,2.078979
859,511,521,147.216,2.867650
860,511,522,192.031,4.271741
861,512,511,1820.493,2.079467
862,512,513,1219.779,3.431412
863,512,661,1721.609,1.190259
864,512,670,574.679,3.424938
865,513,512,1363.367,3.432434
866,513,514,961.830,4.887104
867,513,902,2231.471,3.217998
868,513,905,925.049,5.902417
869,514,513,1021.675,4.887378
870,514,515,868.874,4.028401
871,514,903,1326.402,2.577420
872,514,905,1126.854,6.736986
873,515,514,1179.304,4.029720
874,515,516,335.775,5.287696
875,515,534,740.625,1.495880
876,515,544,531.709,0.305024
877,515,932,15.000,10.442600
878,516,515,417.620,5.287719
879,516,517,74.323,6.588280
880,516,903,2151.671,7.231646
881,516,906,1844.984,1.121312
882,517,516,169.853,6.588285
883,517,518,5.884,7.191020
884,517,908,245.376,1.642503
885,517,909,81.218,4.313351
886,518,517,20.444,7.191020
887,518,911,67.273,3.627320
888,518,912,50.926,2.166140
889,518,930,0.000,38.355801
890,519,520,0.000,0.682000
891,519,521,336.911,2.507698
892,519,668,1086.220,0.360332
893,519,670,747.671,3.219886
894,520,519,0.000,0.682000
895,521,511,294.337,2.867655
896,521,519,265.026,2.507693
897,521,666,704.023,0.798772
898,521,670,492.272,2.732747
899,522,511,25.278,4.271740
900,522,523,192.031,5.704722
901,523,522,25.278,5.704720
902,523,530,1077.998,2.074672
903,523,545,324.845,0.061000
904,524,525,984.463,2.945134
905,524,545,2031.715,3.730192
906,524,578,3121.445,2.788408
907,524,647,2147.593,0.805128
908,525,452,1849.336,2.162734
909,525,524,2374.078,2.966919
910,525,652,2911.313,1.085457
911,525,657,2627.043,2.263542
912,526,527,2751.631,5.675974
913,526,528,4720.473,9.619167
914,526,541,1288.188,0.441091
915,526,546,1591.435,2.956989
916,527,526,3138.255,5.888841
917,527,542,626.779,0.613135
918,527,543,4318.314,4.934940
919,527,546,2073.188,3.306735
920,528,526,3796.488,9.023472
921,528,529,3355.735,1.319371
922,528,573,4825.491,3.151254
923,528,575,3102.192,1.208284
924,529,528,2528.297,1.309942
925,529,530,737.139,1.894977
926,529,531,6370.914,1.280489
927,530,523,233.840,2.074001
928,530,529,3055.858,1.908816
929,530,575,3955.692,2.662883
930,530,577,2640.356,0.827946
931,531,529,3224.758,1.135001
932,531,532,8514.020,2.022490
933,531,573,2851.045,0.793777
934,531,574,2872.737,2.402714
935,532,531,5124.812,1.484322
936,532,533,6251.475,1.378292
937,532,569,6049.388,1.922755
938,532,574,3681.212,1.784415
939,533,498,6734.628,1.439802
940,533,532,4056.704,1.249319
941,533,568,3916.783,1.573317
942,533,569,4883.746,0.970595
943,534,515,1035.675,1.497150
944,534,543,4702.019,4.400996
945,534,933,5356.000,11.131662
946,535,438,1937.042,7.099359
947,535,486,4324.747,0.258903
948,535,487,2317.880,3.504690
949,536,438,3665.537,1.939806
950,536,537,2076.092,2.961405
951,536,615,957.411,1.761608
952,537,399,2824.260,3.994457
953,537,536,3353.553,3.037755
954,537,608,2187.234,2.703103
955,537,610,8049.660,1.050231
956,538,409,4282.075,1.521927
957,538,474,638.819,2.991609
958,538,699,3968.157,0.717839
959,538,704,3440.377,3.391662
960,539,409,1826.980,2.561561
961,539,483,4612.931,3.411751
962,539,694,6671.207,1.698073
963,539,704,2487.016,2.161627
964,540,438,475.454,1.506667
965,540,583,6886.000,3.831946
966,540,622,900.061,2.048486
967,541,526,1343.797,0.441314
968,541,582,3260.641,4.177900
969,541,902,2065.045,4.036088
970,542,527,1196.570,0.614296
971,542,902,8700.816,2.319341
972,542,903,5666.024,4.266564
973,543,527,4616.900,5.325223
974,543,534,4617.068,4.299399
975,543,903,552.115,0.906914
976,544,515,465.245,0.305014
977,544,903,3173.200,3.362559
978,544,904,2061.792,2.530457
979,545,523,1002.249,0.061015
980,545,524,733.835,3.715258
981,545,577,3821.889,2.064493
982,545,580,2598.464,1.134271
983,546,526,2073.188,2.992406
984,546,527,1591.435,3.267597
985,547,1,3330.000,0.862673
986,547,548,3090.905,1.563956
987,547,549,4749.848,2.825663
988,547,621,3246.062,1.612472
989,548,2,4762.000,0.862681
990,548,547,2735.840,1.476624
991,548,550,4765.549,2.815901
992,548,552,3374.995,3.020578
993,548,618,4987.474,2.010237
994,549,3,7577.000,0.862741
995,549,547,3771.041,2.558348
996,549,550,5239.541,1.858973
997,549,551,6649.356,3.126201
998,550,4,7765.000,0.862748
999,550,548,4154.087,2.778751
1000,550,549,4657.844,1.752066
1001,550,551,7563.568,3.435165
1002,550,552,2289.834,4.107337
1003,550,553,4648.761,2.708065
1004,550,560,4517.429,3.709872
1005,551,5,15053.000,0.863777
1006,551,495,3874.695,3.315661
1007,551,549,3889.245,3.112249
1008,551,550,5457.296,3.010079
1009,551,563,19112.710,2.498208
1010,552,6,6635.000,0.862712
1011,552,435,4637.741,1.531371
1012,552,548,2802.429,2.713595
1013,552,550,2189.717,3.969509
1014,552,553,7092.930,2.372022
1015,552,618,3627.738,2.761425
1016,552,619,6006.225,3.160974
1017,553,7,8294.000,0.862772
1018,553,496,5377.785,1.611284
1019,553,550,4567.463,2.649338
1020,553,552,7587.525,2.421793
1021,553,560,8178.201,2.620311
1022,554,8,7145.000,0.862726
1023,554,435,4889.096,2.128537
1024,554,437,2945.625,1.082745
1025,554,614,3687.225,3.583046
1026,554,619,3142.726,3.847068
1027,554,622,1903.841,4.192198
1028,554,625,5387.009,1.941207
1029,555,9,6277.000,0.862703
1030,555,556,5020.614,3.155663
1031,555,622,4342.909,3.543420
1032,555,624,7741.668,2.560534
1033,555,625,6745.795,1.115091
1034,556,10,10247.000,0.862908
1035,556,437,3863.778,3.755312
1036,556,496,8057.693,1.463497
1037,556,555,6728.144,3.360988
1038,556,557,7006.026,3.450548
1039,556,560,5798.388,3.722609
1040,556,624,1393.453,6.030742
1041,557,11,7990.000,0.862758
1042,557,490,2976.075,2.481272
1043,557,556,7243.960,3.533581
1044,557,558,6647.665,2.740932
1045,557,559,7008.499,3.762882
1046,557,624,2406.286,5.848240
1047,557,630,7120.938,1.844701
1048,558,12,6213.000,0.862702
1049,558,491,3570.431,2.378767
1050,558,557,5157.534,2.183158
1051,558,560,5607.678,3.138202
1052,558,561,5976.250,2.365624
1053,559,13,10098.000,0.862894
1054,559,491,2759.201,0.740660
1055,559,557,5611.183,3.134628
1056,559,562,10071.452,2.830386
1057,559,566,4210.829,2.170353
1058,559,631,2766.671,3.311561
1059,560,14,12364.000,0.863174
1060,560,495,6387.644,0.676800
1061,560,550,4104.956,3.362919
1062,560,553,7085.678,2.420193
1063,560,556,5264.475,3.373591
1064,560,558,5691.989,3.209016
1065,560,561,9649.756,2.677435
1066,561,15,9395.000,0.862838
1067,561,492,6226.055,2.272320
1068,561,494,9423.533,0.753470
1069,561,558,3535.473,2.326650
1070,561,560,7085.438,2.522486
1071,562,16,22062.000,0.867776
1072,562,492,2812.274,0.738124
1073,562,493,7915.285,0.583135
1074,562,559,5515.214,2.651951
1075,562,563,4293.000,1939.143677
1076,562,567,5730.682,1.480531
1077,563,17,21955.000,0.867678
1078,563,494,4353.556,2.216339
1079,563,551,11253.317,2.253813
1080,563,562,4142.000,1680.694458
1081,563,564,13410.071,1.531124
1082,564,18,17507.000,0.864695
1083,564,493,5442.430,1.833412
1084,564,563,14231.136,1.537044
1085,564,565,10393.855,1.551826
1086,565,19,4816.000,0.862682
1087,565,564,16779.405,1.943573
1088,565,568,6441.137,1.555065
1089,565,569,2510.307,3.049141
1090,566,20,6833.000,0.862717
1091,566,500,4927.747,1.876044
1092,566,559,5792.111,2.252584
1093,566,567,3535.918,2.644525
1094,566,631,2616.157,4.159573
1095,567,21,4722.000,0.862681
1096,567,499,5377.308,1.532834
1097,567,562,11030.234,1.626377
1098,567,566,2818.496,2.587504
1099,568,22,4611.000,0.862680
1100,568,533,3336.271,1.533480
1101,568,565,12889.843,1.842652
1102,568,574,5553.236,2.060920
1103,569,23,15077.000,0.863784
1104,569,499,11046.081,1.145477
1105,569,532,3797.579,1.527712
1106,569,533,5188.811,1.002573
1107,569,565,4830.151,3.177999
1108,569,570,4044.640,2.656827
1109,569,572,2492.334,3.861921
1110,569,573,2314.253,3.065634
1111,570,24,6613.000,0.862711
1112,570,500,6003.045,0.989750
1113,570,569,5755.809,2.706932
1114,570,571,2216.931,3.659820
1115,570,572,3251.740,2.553650
1116,571,25,6384.000,0.862706
1117,571,501,4738.098,1.217703
1118,571,570,2996.210,4.025938
1119,571,572,4648.665,3.255740
1120,571,631,2481.312,5.214633
1121,571,632,3064.724,4.318972
1122,571,634,1362.849,3.895159
1123,571,637,3275.038,2.389248
1124,572,26,12226.000,0.863152
1125,572,569,4053.588,4.722064
1126,572,570,6128.859,3.087696
1127,572,571,5786.435,3.489582
1128,572,573,5358.453,2.816821
1129,572,576,4336.940,2.403973
1130,572,637,2184.979,3.945912
1131,573,27,6064.000,0.862699
1132,573,528,4046.497,2.767174
1133,573,531,4732.391,1.117906
1134,573,569,6443.360,3.665051
1135,573,572,6121.231,2.945106
1136,573,577,2529.475,2.948257
1137,574,28,10148.000,0.862899
1138,574,531,1234.442,2.254791
1139,574,532,4738.585,1.915900
1140,574,568,12827.429,2.146894
1141,574,575,5769.092,2.938612
1142,575,29,12912.000,0.863269
1143,575,528,3784.639,1.283864
1144,575,530,2181.944,2.528772
1145,575,574,14089.364,3.195554
1146,575,580,2475.887,3.734862
1147,575,581,3639.073,2.625073
1148,576,30,4213.000,0.862677
1149,576,572,8085.153,2.671997
1150,576,577,1833.002,3.354535
1151,576,578,1428.394,3.576933
1152,576,637,3210.760,3.458084
1153,576,643,3288.363,2.015966
1154,577,31,4235.000,0.862677
1155,577,530,5888.666,1.054581
1156,577,545,2343.187,1.867494
1157,577,573,7033.713,3.542447
1158,577,576,2511.506,4.164980
1159,577,578,3454.235,2.525227
1160,578,32,4784.000,0.862681
1161,578,507,619.311,5.179046
1162,578,524,1576.528,2.748461
1163,578,576,2519.322,4.742720
1164,578,577,6992.585,2.732080
1165,578,579,1504.039,3.687842
1166,578,580,2339.735,3.401673
1167,578,643,6312.973,2.345442
1168,578,645,2589.680,3.165433
1169,579,33,3095.000,0.862672
1170,579,578,2040.937,4.091435
1171,579,580,4185.500,2.600015
1172,579,582,1703.836,4.272410
1173,579,647,2578.850,2.283305
1174,579,656,2344.156,3.687213
1175,580,34,4684.000,0.862680
1176,580,545,3456.690,1.197179
1177,580,575,4795.695,4.786993
1178,580,578,2508.559,3.514500
1179,580,579,2375.867,2.566601
1180,580,581,872.404,3.971925
1181,580,582,2663.829,3.810972
1182,581,35,3814.000,0.862675
1183,581,575,7080.234,2.643246
1184,581,580,715.157,3.797788
1185,581,582,2125.872,3.668118
1186,582,36,5771.000,0.862694
1187,582,541,2611.622,3.433784
1188,582,579,1647.352,4.164715
1189,582,580,2764.303,3.840123
1190,582,581,4261.786,3.721881
1191,582,660,2021.612,4.139935
1192,583,37,6886.000,0.862718
1193,583,540,1024.000,0.743611
1194,584,38,2146.000,0.862670
1195,584,394,325.875,4.901618
1196,584,395,706.429,3.874824
1197,584,586,1534.063,4.432096
1198,584,588,2233.165,4.990047
1199,584,605,819.867,5.317670
1200,584,710,317.682,4.716455
1201,584,712,840.356,4.728897
1202,584,768,384.067,5.978341
1203,584,808,108.106,6.272015
1204,585,39,4278.000,0.862677
1205,585,401,4921.405,1.068398
1206,585,586,946.092,3.054525
1207,585,587,4925.817,3.127513
1208,585,771,1132.528,3.059292
1209,586,40,850.000,0.862670
1210,586,584,799.796,4.418819
1211,586,585,2396.828,3.236403
1212,586,588,2012.174,2.936510
1213,586,772,897.429,2.871094
1214,587,41,10905.000,0.862975
1215,587,400,1005.129,3.483180
1216,587,585,2174.714,2.935580
1217,587,588,719.256,2.989093
1218,587,592,5831.691,3.148482
1219,587,604,4234.635,3.821832
1220,588,42,1140.000,0.862670
1221,588,397,2912.574,2.834294
1222,588,584,573.794,4.556926
1223,588,586,501.595,2.928670
1224,588,587,2557.142,3.003792
1225,589,43,6188.000,0.862702
1226,589,590,2265.499,3.018428
1227,589,591,5494.210,3.295242
1228,589,594,2183.782,4.902104
1229,589,775,1455.071,3.226601
1230,590,44,6668.000,0.862713
1231,590,401,2380.406,2.228681
1232,590,589,4104.488,3.300000
1233,590,592,6671.323,3.141251
1234,590,776,1620.552,3.112017
1235,591,45,5082.000,0.862684
1236,591,441,5410.676,2.056837
1237,591,589,3645.466,2.950001
1238,591,592,3066.067,3.096659
1239,591,608,2508.160,3.113062
1240,591,613,5700.739,3.419481
1241,592,46,6366.000,0.862705
1242,592,587,4490.127,2.967605
1243,592,590,3135.373,3.055032
1244,592,591,5052.468,3.378503
1245,592,608,4833.279,3.645021
1246,592,609,3130.366,3.852449
1247,593,47,4828.000,0.862682
1248,593,429,1419.700,1.000812
1249,593,431,1745.296,0.685708
1250,593,594,2167.319,2.933429
1251,593,595,3713.228,3.485174
1252,594,48,6588.000,0.862711
1253,594,427,2582.411,0.746669
1254,594,589,1990.378,4.290505
1255,594,593,3033.160,2.948825
1256,594,596,3752.539,4.003173
1257,595,49,3508.000,0.862673
1258,595,432,2372.585,1.685402
1259,595,593,2782.689,3.104167
1260,595,596,2355.980,2.955294
1261,595,612,1715.277,3.742318
1262,595,617,2830.695,4.282880
1263,596,50,5109.000,0.862685
1264,596,441,3676.396,1.337422
1265,596,594,3249.070,3.532246
1266,596,595,2842.242,3.054021
1267,596,612,3740.014,3.680010
1268,596,613,871.813,7.107811
1269,597,51,785.000,0.862670
1270,597,431,1109.963,2.430700
1271,597,599,2508.711,3.013386
1272,597,778,587.017,5.314510
1273,598,52,2416.000,0.862671
1274,598,599,1200.719,2.574770
1275,598,616,1069.652,2.125491
1276,598,620,1326.752,1.864006
1277,599,53,3476.000,0.862673
1278,599,432,2257.562,1.578406
1279,599,597,1450.508,2.911446
1280,599,598,1980.265,2.577647
1281,599,616,2672.549,2.989455
1282,599,617,1837.440,3.836162
1283,600,54,508.000,0.862670
1284,600,395,1080.119,0.830819
1285,600,601,1035.499,3.156425
1286,600,602,1306.391,2.623884
1287,600,605,2516.631,2.895257
1288,601,55,1026.000,0.862670
1289,601,394,1147.059,2.899033
1290,601,600,1466.472,3.470721
1291,601,603,1187.843,2.648528
1292,601,716,1831.538,2.989016
1293,602,56,1986.000,0.862670
1294,602,600,1633.381,2.625161
1295,602,603,1396.719,3.056801
1296,602,607,2539.065,3.093941
1297,602,671,2517.831,2.984868
1298,603,57,1242.000,0.862670
1299,603,601,899.926,2.549603
1300,603,602,1697.059,3.064823
1301,603,672,1044.915,3.084704
1302,603,718,981.080,3.407205
1303,604,58,9648.000,0.862857
1304,604,397,884.369,1.106012
1305,604,399,7256.824,1.993665
1306,604,587,4123.242,3.727808
1307,604,605,2199.859,2.936767
1308,604,606,3127.467,2.740168
1309,605,59,3456.000,0.862673
1310,605,584,594.135,5.266794
1311,605,600,1439.819,2.870608
1312,605,604,5324.702,5.175383
1313,605,607,1784.615,2.738828
1314,606,60,3234.000,0.862672
1315,606,403,2902.912,3.734545
1316,606,604,4912.197,3.956579
1317,606,607,1817.240,2.900872
1318,606,675,4032.895,3.936618
1319,607,61,3021.000,0.862672
1320,607,602,1618.959,2.909378
1321,607,605,2046.915,2.912608
1322,607,606,4341.283,3.888443
1323,607,676,842.506,6.872860
1324,608,62,3335.000,0.862673
1325,608,537,5086.483,2.988493
1326,608,591,2124.834,3.055618
1327,608,592,2734.067,2.852316
1328,608,609,2564.559,2.816862
1329,608,613,4065.037,3.154085
1330,609,63,5678.000,0.862692
1331,609,399,2413.086,1.366889
1332,609,400,514.595,2.929725
1333,609,592,2346.466,3.142257
1334,609,608,2907.578,2.823516
1335,609,611,3640.539,3.315527
1336,610,64,15822.000,0.864021
1337,610,537,4023.957,0.648816
1338,610,611,2344.590,2.752652
1339,610,615,7554.575,3.208292
1340,610,679,5946.962,3.371241
1341,611,65,3059.000,0.862672
1342,611,403,1118.969,2.018594
1343,611,609,2886.422,2.823319
1344,611,610,5357.513,2.935762
1345,611,680,2985.702,3.013772
1346,612,66,4197.000,0.862677
1347,612,440,2475.292,3.160825
1348,612,595,1288.773,3.221853
1349,612,596,3033.503,3.124866
1350,612,614,5660.234,2.708024
1351,612,617,3835.041,3.080680
1352,613,67,4695.000,0.862680
1353,613,440,2712.903,1.300749
1354,613,591,2674.332,2.761490
1355,613,596,791.144,5.778773
1356,613,608,2177.729,2.891243
1357,613,615,8068.543,2.531070
1358,614,68,5999.000,0.862698
1359,614,439,5502.777,2.586096
1360,614,554,3774.321,3.637743
1361,614,612,3904.615,2.406322
1362,614,619,3935.983,3.733739
1363,614,622,3621.605,3.756729
1364,615,69,9521.000,0.862847
1365,615,439,5703.454,0.871488
1366,615,536,868.769,1.757174
1367,615,610,7855.392,3.254709
1368,615,613,4359.965,2.392679
1369,615,622,5452.500,4.779883
1370,616,70,3752.000,0.862674
1371,616,433,2339.872,2.800905
1372,616,598,939.852,2.121197
1373,616,599,1946.206,2.803978
1374,616,618,5358.198,2.026182
1375,616,620,1863.513,1.895720
1376,617,71,4820.000,0.862682
1377,617,433,1667.253,0.764439
1378,617,595,2289.741,3.362565
1379,617,599,1247.193,3.073233
1380,617,612,2600.388,2.960779
1381,617,619,6799.353,2.067039
1382,618,72,9085.000,0.862817
1383,618,434,3149.117,3.177368
1384,618,548,3997.438,1.976591
1385,618,552,3704.842,2.771097
1386,618,616,4351.043,1.952000
1387,618,621,1541.605,2.098300
1388,619,73,11772.000,0.863084
1389,619,434,2540.757,0.637467
1390,619,552,5074.458,3.124686
1391,619,554,2831.583,3.489583
1392,619,614,3629.969,3.533942
1393,619,617,5123.157,2.031041
1394,620,74,3496.000,0.862673
1395,620,598,1169.005,1.861719
1396,620,616,1525.380,1.893659
1397,620,621,2380.858,1.486483
1398,621,75,1596.000,0.862670
1399,621,547,3055.934,1.606290
1400,621,618,2215.613,2.136779
1401,621,620,2857.978,1.576340
1402,622,76,8638.000,0.862790
1403,622,540,3408.666,2.557505
1404,622,554,1034.396,3.772541
1405,622,555,2864.382,3.212628
1406,622,614,2069.401,3.449402
1407,622,615,5024.849,4.325349
1408,622,623,4492.649,4.543056
1409,622,625,2102.844,2.946005
1410,623,77,10624.000,0.862945
1411,623,622,4795.731,4.935354
1412,623,624,4898.965,3.086325
1413,623,627,3912.857,3.167830
1414,623,681,4792.878,3.767035
1415,624,78,9158.000,0.862822
1416,624,555,7479.239,2.438261
1417,624,556,1291.998,5.462264
1418,624,557,2054.480,5.192860
1419,624,623,5539.822,3.176829
1420,624,626,5081.746,2.723270
1421,625,79,3843.000,0.862675
1422,625,554,4648.885,1.897994
1423,625,555,6532.221,1.113844
1424,625,622,2892.542,3.476864
1425,626,80,10035.000,0.862889
1426,626,485,4297.972,1.806691
1427,626,624,7528.912,2.849420
1428,626,627,6605.965,3.081120
1429,626,630,6902.516,2.123156
1430,627,81,10111.000,0.862895
1431,627,484,3997.583,1.787405
1432,627,486,5626.834,2.280570
1433,627,623,5579.704,3.535309
1434,627,626,6715.086,3.083187
1435,628,82,6333.000,0.862705
1436,628,485,4999.228,1.435592
1437,628,629,3664.345,2.932779
1438,628,631,4508.871,3.219046
1439,628,632,2578.619,3.026376
1440,629,83,3873.000,0.862675
1441,629,479,3292.036,2.724722
1442,629,484,4338.321,1.591334
1443,629,628,4154.378,2.971872
1444,629,633,2108.234,2.937241
1445,630,84,5360.000,0.862688
1446,630,489,2872.794,1.842806
1447,630,557,7749.350,1.895790
1448,630,626,7686.032,2.149087
1449,631,85,10687.000,0.862951
1450,631,489,3131.158,1.938968
1451,631,490,5824.254,1.529436
1452,631,559,5221.208,3.848096
1453,631,566,2906.248,4.823308
1454,631,571,2077.496,4.519232
1455,631,628,4449.530,3.213470
1456,631,636,4228.553,2.258479
1457,632,86,5270.000,0.862687
1458,632,502,1531.620,1.910292
1459,632,571,2887.929,4.087786
1460,632,628,4029.440,3.184065
1461,632,633,3470.873,2.946115
1462,632,636,1871.745,3.053333
1463,633,87,5538.000,0.862690
1464,633,478,3355.265,2.011918
1465,633,503,1036.873,3.050830
1466,633,629,4261.560,3.042409
1467,633,632,4614.318,2.979193
1468,634,88,4245.000,0.862677
1469,634,502,2209.939,2.706857
1470,634,505,2094.216,1.798054
1471,634,571,2245.317,4.672180
1472,634,635,3271.413,3.266052
1473,634,637,3623.432,3.112626
1474,635,89,1881.000,0.862670
1475,635,504,3630.150,0.719098
1476,635,634,3219.536,3.245271
1477,635,640,623.246,2.996865
1478,635,705,2649.953,2.951668
1479,636,90,1990.000,0.862670
1480,636,501,3701.480,1.099895
1481,636,631,6142.891,2.462557
1482,636,632,1597.560,2.988834
1483,637,91,7984.000,0.862758
1484,637,571,4983.906,3.464387
1485,637,572,2755.129,4.431152
1486,637,576,2854.468,3.382004
1487,637,634,3398.155,3.070819
1488,637,644,2855.354,2.915370
1489,638,92,1015.000,0.862670
1490,638,640,603.698,5.500031
1491,638,642,697.781,4.475394
1492,638,707,2347.759,3.620444
1493,638,815,408.054,4.393561
1494,638,825,317.021,3.038697
1495,638,826,502.746,3.006480
1496,639,93,4222.000,0.862677
1497,639,505,5483.463,1.538048
1498,639,506,2705.977,0.873771
1499,639,640,591.381,2.931204
1500,639,641,1044.934,3.050714
1501,640,94,198.000,0.862670
1502,640,635,1202.833,3.850695
1503,640,638,276.001,5.479412
1504,640,639,1168.712,2.940665
1505,640,642,374.262,2.931079
1506,641,95,2309.000,0.862671
1507,641,639,2392.137,3.053480
1508,641,642,664.849,2.867047
1509,641,646,1629.015,2.931829
1510,641,648,650.071,4.270974
1511,642,96,296.000,0.862670
1512,642,638,512.533,4.474002
1513,642,640,1086.484,2.968824
1514,642,641,1262.054,2.867611
1515,642,649,531.845,3.054729
1516,643,97,6969.000,0.862721
1517,643,576,4627.436,3.064248
1518,643,578,3827.076,2.322398
1519,643,644,4207.750,2.941626
1520,644,98,6716.000,0.862714
1521,644,506,3504.162,2.500494
1522,644,637,5694.802,3.593935
1523,644,643,3900.926,2.932902
1524,644,646,2645.015,3.013607
1525,645,99,4315.000,0.862677
1526,645,578,4532.686,3.302886
1527,645,646,3328.042,3.143021
1528,645,647,1964.446,2.508250
1529,645,652,2487.455,2.383498
1530,646,100,3874.000,0.862675
1531,646,507,2157.323,0.447878
1532,646,641,1902.675,2.932940
1533,646,644,4709.942,3.230788
1534,646,645,2368.153,3.110301
1535,646,653,1937.995,2.945662
1536,647,101,2566.000,0.862671
1537,647,524,3600.775,0.824439
1538,647,579,2385.907,2.278912
1539,647,645,2292.390,2.508729
1540,647,657,3149.857,2.394330
1541,648,102,2478.000,0.862671
1542,648,641,875.409,7.203391
1543,648,649,1347.942,2.823818
1544,648,650,1023.330,2.936926
1545,648,653,2891.471,3.044837
1546,649,103,1476.000,0.862670
1547,649,642,1547.024,3.216350
1548,649,648,1212.966,2.817911
1549,649,651,513.886,2.930555
1550,649,825,730.325,3.075709
1551,650,104,1978.000,0.862670
1552,650,453,406.394,2.791685
1553,650,648,1569.086,2.951486
1554,650,651,797.025,3.055337
1555,650,655,2014.388,3.017279
1556,651,105,690.000,0.862670
1557,651,649,1093.956,2.967962
1558,651,650,958.484,3.060497
1559,651,827,440.940,2.947157
1560,651,842,440.824,2.934749
1561,652,106,3099.000,0.862672
1562,652,452,1485.560,2.162508
1563,652,525,2461.416,1.076460
1564,652,645,5061.406,2.405580
1565,652,653,2024.220,3.068732
1566,653,107,2408.000,0.862671
1567,653,646,4415.643,3.338075
1568,653,648,1702.029,3.000632
1569,653,652,2497.148,3.093383
1570,653,655,1393.835,3.158514
1571,654,108,3113.000,0.862672
1572,654,451,1266.409,2.007759
1573,654,452,4145.073,1.155597
1574,654,659,2646.426,3.075138
1575,654,662,1709.498,3.056863
1576,655,109,2676.000,0.862671
1577,655,451,2984.351,1.250970
1578,655,650,1407.938,2.949306
1579,655,653,2127.969,3.358536
1580,655,663,820.018,2.933864
1581,656,110,4011.000,0.862676
1582,656,579,3510.112,4.473603
1583,656,657,3364.892,3.015449
1584,656,658,2183.907,3.091271
1585,656,660,3643.180,3.074210
1586,657,111,4908.000,0.862683
1587,657,525,3021.199,2.282709
1588,657,647,4365.041,2.970878
1589,657,656,2693.251,3.001323
1590,657,659,2577.246,3.173005
1591,658,112,3353.000,0.862673
1592,658,510,1783.315,1.055699
1593,658,656,2603.239,3.132701
1594,658,659,2983.453,3.027819
1595,658,661,3649.386,2.366402
1596,659,113,4868.000,0.862682
1597,659,509,2247.778,1.106427
1598,659,654,2194.009,3.062197
1599,659,657,3166.944,3.173536
1600,659,658,2622.528,3.012177
1601,660,114,1431.000,0.862670
1602,660,582,3462.497,4.656981
1603,660,656,3594.446,3.034552
1604,660,661,1332.017,2.991879
1605,660,902,4662.285,4.072301
1606,661,115,4069.000,0.862676
1607,661,512,1065.192,1.112962
1608,661,658,3648.878,2.366376
1609,661,660,1620.110,2.994563
1610,661,902,3618.966,4.387601
1611,662,116,1996.000,0.862670
1612,662,449,798.275,2.643646
1613,662,654,3003.065,3.110157
1614,662,664,1667.467,2.999950
1615,662,667,1491.654,3.045824
1616,663,117,404.000,0.862670
1617,663,449,1357.914,0.703739
1618,663,655,1446.891,2.935198
1619,663,665,604.540,2.993364
1620,663,841,587.755,3.050974
1621,664,118,3582.000,0.862674
1622,664,448,1036.951,2.755631
1623,664,662,2611.743,3.042405
1624,664,669,2358.823,2.943502
1625,664,849,634.513,4.458128
1626,665,119,923.000,0.862670
1627,665,448,1212.796,0.658411
1628,665,663,936.195,3.011150
1629,665,843,590.090,2.931328
1630,665,849,250.852,4.579349
1631,666,120,1366.000,0.862670
1632,666,510,2514.777,2.272464
1633,666,521,406.755,0.793643
1634,666,667,1147.531,3.037591
1635,666,668,773.629,2.930583
1636,667,121,2882.000,0.862671
1637,667,509,3930.496,2.285680
1638,667,662,1507.280,3.048243
1639,667,666,1137.755,3.035956
1640,667,669,2230.535,2.933169
1641,668,122,1680.000,0.862670
1642,668,519,1082.784,0.360274
1643,668,666,1233.296,2.941187
1644,668,669,1599.276,3.008545
1645,668,850,317.198,2.989011
1646,669,123,4343.000,0.862678
1647,669,664,2280.883,2.941633
1648,669,667,3063.506,2.944755
1649,669,668,1439.318,3.001822
1650,669,851,674.827,2.930640
1651,670,124,905.000,0.862670
1652,670,512,1129.558,3.473657
1653,670,519,822.992,3.224288
1654,670,521,864.775,2.773205
1655,670,854,53.168,5.917424
1656,670,902,510.573,8.059803
1657,670,905,918.490,5.226851
1658,671,125,809.000,0.862670
1659,671,602,1386.587,2.880193
1660,671,672,674.462,2.875113
1661,671,673,1892.317,3.005521
1662,671,676,2741.465,3.302338
1663,672,126,96.000,0.862670
1664,672,603,626.326,3.055011
1665,672,671,1262.908,2.900892
1666,672,674,1071.994,3.026633
1667,672,722,395.764,2.880150
1668,673,127,1018.000,0.862670
1669,673,671,939.121,2.992341
1670,673,674,1240.718,3.062728
1671,673,678,2885.420,2.984120
1672,673,683,1628.048,3.153895
1673,674,128,1425.000,0.862670
1674,674,672,464.550,2.990925
1675,674,673,1552.526,3.073234
1676,674,684,656.877,2.944152
1677,674,724,1181.689,2.981525
1678,675,129,3566.000,0.862673
1679,675,404,6610.124,2.026136
1680,675,606,2825.528,3.311749
1681,675,676,1343.628,2.749178
1682,675,677,2654.824,2.859687
1683,676,130,1651.000,0.862670
1684,676,607,694.743,4.850431
1685,676,671,745.971,2.991334
1686,676,675,4119.510,2.877426
1687,676,678,2136.918,2.926759
1688,677,131,3370.000,0.862673
1689,677,406,4751.166,1.595088
1690,677,675,3057.986,2.898492
1691,677,678,2080.837,2.881659
1692,677,687,3020.423,3.059908
1693,678,132,3700.000,0.862674
1694,678,673,1210.135,2.871253
1695,678,676,1639.544,2.887708
1696,678,677,3733.379,2.964317
1697,678,688,2967.151,2.999983
1698,679,133,8317.000,0.862773
1699,679,610,5583.518,3.299757
1700,679,680,2169.551,2.244633
1701,679,681,4481.262,3.771451
1702,680,134,4820.000,0.862682
1703,680,404,1478.667,1.611712
1704,680,488,2554.264,2.671557
1705,680,611,3791.236,3.149965
1706,680,679,4395.020,3.015021
1707,681,135,6883.000,0.862718
1708,681,487,2664.859,1.795872
1709,681,623,5678.257,4.630052
1710,681,679,5271.350,4.430757
1711,681,691,3958.404,2.872092
1712,682,136,7985.000,0.862758
1713,682,406,1790.464,2.246414
1714,682,487,4141.944,2.327732
1715,682,488,3427.767,1.553442
1716,682,692,3268.508,3.007116
1717,683,137,1683.000,0.862670
1718,683,673,1109.329,3.122121
1719,683,684,1292.439,2.959372
1720,683,685,2061.063,2.836336
1721,683,688,2968.052,3.226897
1722,684,138,1089.000,0.862670
1723,684,674,710.501,2.950108
1724,684,683,1948.923,3.090211
1725,684,728,1100.301,2.932931
1726,685,139,1065.000,0.862670
1727,685,411,2456.370,2.931390
1728,685,683,1843.350,2.825648
1729,685,686,1072.395,2.918713
1730,685,690,1889.403,3.072774
1731,686,140,1231.000,0.862670
1732,686,685,1169.638,2.964401
1733,686,730,728.753,3.052542
1734,687,141,3982.000,0.862675
1735,687,407,6786.209,0.966927
1736,687,677,2785.809,3.057339
1737,687,688,2890.175,2.825118
1738,687,689,2277.288,2.932920
1739,688,142,6014.000,0.862698
1740,688,678,2383.035,2.993570
1741,688,683,1541.561,3.011504
1742,688,687,4629.221,2.917035
1743,688,690,1954.768,2.999474
1744,689,143,3295.000,0.862673
1745,689,408,2893.375,1.739028
1746,689,687,3008.777,2.942991
1747,689,690,1598.250,2.830300
1748,689,699,1819.701,4.122503
1749,690,144,1589.000,0.862670
1750,690,410,2124.756,3.349260
1751,690,685,1196.437,3.053662
1752,690,688,2819.208,3.034316
1753,690,689,2722.018,2.966269
1754,691,145,6009.000,0.862698
1755,691,481,2961.688,2.324080
1756,691,486,6970.952,1.278796
1757,691,681,6020.016,2.894239
1758,691,692,3502.459,2.766251
1759,692,146,4953.000,0.862683
1760,692,407,2659.447,2.466284
1761,692,682,3910.802,3.020253
1762,692,691,6502.336,2.931190
1763,692,694,5537.692,3.380102
1764,693,147,13802.000,0.863452
1765,693,479,3456.206,1.219351
1766,693,483,3250.081,0.688394
1767,693,694,3625.721,3.178608
1768,693,703,1762.007,3.325614
1769,694,148,11882.000,0.863100
1770,694,408,1997.470,2.417305
1771,694,539,2775.147,1.167334
1772,694,692,3845.490,3.033622
1773,694,693,4955.517,3.649117
1774,695,149,4953.000,0.862683
1775,695,411,3123.269,0.643874
1776,695,696,1832.272,2.989968
1777,695,697,1109.831,2.930265
1778,695,700,3645.767,2.998012
1779,696,150,1113.000,0.862670
1780,696,695,2993.284,2.995895
1781,696,698,673.578,3.050761
1782,696,734,1520.026,3.252901
1783,697,151,1553.000,0.862670
1784,697,695,2396.529,2.963978
1785,697,698,1939.141,3.016274
1786,697,702,1917.279,2.995621
1787,697,809,314.526,2.989112
1788,698,152,2436.000,0.862671
1789,698,696,1282.614,3.052592
1790,698,697,2512.566,3.061347
1791,698,736,2085.917,2.886854
1792,698,810,372.757,2.868169
1793,699,153,5190.000,0.862686
1794,699,538,5951.007,0.744053
1795,699,689,1964.342,4.484308
1796,699,700,3366.223,2.955351
1797,699,701,1255.756,2.869361
1798,700,154,7049.000,0.862723
1799,700,410,3265.893,1.316100
1800,700,695,2558.957,2.993073
1801,700,699,4177.156,3.076489
1802,700,702,1045.071,3.051941
1803,701,155,2101.000,0.862670
1804,701,474,3550.941,0.951095
1805,701,699,3575.314,2.980109
1806,701,702,1892.776,3.014422
1807,701,813,744.331,2.938973
1808,702,156,2132.000,0.862670
1809,702,697,1980.467,2.996538
1810,702,700,3478.575,3.214003
1811,702,701,2570.647,3.354568
1812,702,814,642.068,2.929137
1813,703,157,5880.000,0.862696
1814,703,478,5389.131,1.495659
1815,703,693,3025.559,5.446036
1816,703,704,3202.704,2.881300
1817,703,705,1855.213,2.780246
1818,704,158,4695.000,0.862680
1819,704,538,2529.302,3.379407
1820,704,539,6017.803,2.816138
1821,704,703,4354.335,2.915861
1822,704,706,1444.958,2.868009
1823,705,159,4789.000,0.862681
1824,705,476,789.546,2.284927
1825,705,635,3218.288,2.979489
1826,705,703,3334.870,3.087418
1827,705,706,1756.829,2.937240
1828,706,160,2748.000,0.862671
1829,706,474,2237.576,2.473637
1830,706,475,717.720,2.520198
1831,706,704,3902.302,2.886759
1832,706,705,3131.033,2.998134
1833,707,161,1937.000,0.862670
1834,707,473,495.928,3.887142
1835,707,475,1225.747,1.180768
1836,707,476,3262.561,1.318549
1837,707,638,802.482,3.247353
1838,708,162,360.000,0.862670
1839,708,388,150.951,1.813669
1840,708,709,336.075,5.856138
1841,708,714,96.796,5.816471
1842,708,913,78.951,16.732502
1843,709,163,171.000,0.862670
1844,709,391,199.489,1.269334
1845,709,708,180.809,5.856011
1846,709,711,45.816,4.649223
1847,709,713,690.202,4.595641
1848,709,803,135.562,6.100308
1849,710,164,1277.000,0.862670
1850,710,584,1133.028,5.873403
1851,710,712,2193.648,2.990620
1852,710,806,930.569,2.875256
1853,711,165,150.000,0.862670
1854,711,709,66.664,4.649234
1855,711,713,1096.553,3.712213
1856,711,807,548.165,2.746632
1857,712,166,3287.000,0.862673
1858,712,393,1977.325,2.750932
1859,712,584,1461.487,4.908209
1860,712,710,701.563,2.868937
1861,712,713,435.142,3.067016
1862,713,167,1021.000,0.862670
1863,713,392,435.387,1.684028
1864,713,709,206.089,4.591672
1865,713,711,456.343,3.070455
1866,713,712,807.802,3.245459
1867,713,716,1173.353,3.396512
1868,714,168,99.000,0.862670
1869,714,708,82.779,5.816470
1870,714,715,191.438,5.673003
1871,714,720,42.959,5.795320
1872,714,913,162.388,11.385008
1873,715,169,122.000,0.862670
1874,715,391,91.389,4.716371
1875,715,714,71.435,5.673000
1876,715,717,350.870,4.499812
1877,715,719,196.037,4.516667
1878,715,721,155.858,5.673013
1879,716,170,4925.000,0.862683
1880,716,393,2211.936,0.627709
1881,716,601,2534.021,3.151572
1882,716,713,601.793,3.341313
1883,716,717,498.347,2.869694
1884,716,718,2397.542,2.629126
1885,717,171,623.000,0.862670
1886,717,392,461.944,1.615621
1887,717,715,98.930,4.499551
1888,717,716,971.662,2.871089
1889,717,719,487.289,2.505178
1890,718,172,2707.000,0.862671
1891,718,603,1197.091,3.912974
1892,718,716,2164.506,2.627308
1893,718,719,383.700,2.815123
1894,718,722,1659.656,3.144509
1895,719,173,299.000,0.862670
1896,719,715,54.725,4.516471
1897,719,717,393.114,2.502770
1898,719,718,618.997,2.867792
1899,719,723,603.387,2.992714
1900,720,174,129.000,0.862670
1901,720,714,43.275,5.795320
1902,720,721,456.788,5.613473
1903,720,726,25.812,5.917310
1904,720,913,257.497,7.754503
1905,721,175,407.000,0.862670
1906,721,715,115.800,5.673004
1907,721,720,166.953,5.613332
1908,721,723,406.787,4.571279
1909,721,725,791.336,4.719516
1910,721,727,185.109,5.856333
1911,722,176,367.000,0.862670
1912,722,672,891.065,3.140952
1913,722,718,1299.334,3.088932
1914,722,723,233.195,2.989703
1915,722,724,1314.242,4.153731
1916,723,177,118.000,0.862670
1917,723,719,473.197,2.990405
1918,723,721,134.348,4.552803
1919,723,722,401.938,2.990351
1920,723,725,770.769,3.121896
1921,724,178,3151.000,0.862672
1922,724,674,1572.429,3.095813
1923,724,722,969.478,3.249835
1924,724,725,701.128,2.813218
1925,724,728,1595.025,2.996077
1926,725,179,1713.000,0.862670
1927,725,721,158.102,4.712431
1928,725,723,367.881,3.112134
1929,725,724,1506.868,2.838808
1930,725,729,913.040,2.928744
1931,726,180,139.000,0.862670
1932,726,416,277.145,2.045203
1933,726,720,17.173,5.917310
1934,726,727,561.028,5.737253
1935,726,913,299.537,7.532976
1936,727,181,430.000,0.862670
1937,727,415,230.629,4.244662
1938,727,721,89.891,5.856320
1939,727,726,142.655,5.736921
1940,727,729,483.993,4.536585
1941,727,731,395.535,4.520807
1942,728,182,2267.000,0.862671
1943,728,684,1653.408,2.950518
1944,728,724,1662.261,2.997348
1945,728,729,579.059,2.808726
1946,728,730,1681.492,2.952043
1947,729,183,778.000,0.862670
1948,729,725,830.658,2.928510
1949,729,727,152.695,4.499917
1950,729,728,1149.336,2.809826
1951,729,731,934.555,2.870873
1952,730,184,1137.000,0.862670
1953,730,413,1902.918,3.194597
1954,730,686,1119.996,3.619870
1955,730,728,1942.558,2.970325
1956,730,731,427.903,2.989806
1957,731,185,671.000,0.862670
1958,731,414,1345.909,3.211108
1959,731,727,144.471,4.519789
1960,731,729,866.153,2.870536
1961,731,730,720.790,2.991114
1962,732,186,285.000,0.862670
1963,732,416,83.719,3.951372
1964,732,417,168.136,8.197186
1965,732,733,447.460,5.798321
1966,732,864,136.788,6.222002
1967,733,187,565.000,0.862670
1968,733,415,367.901,1.756362
1969,733,732,201.564,5.797908
1970,733,735,710.165,4.671221
1971,733,737,923.824,4.714900
1972,733,865,282.691,5.858869
1973,734,188,3098.000,0.862672
1974,734,413,2537.663,0.637196
1975,734,696,1907.002,3.909247
1976,734,735,1546.097,2.812526
1977,734,736,1729.418,2.934286
1978,735,189,3211.000,0.862672
1979,735,414,1596.589,0.640997
1980,735,733,294.652,4.504637
1981,735,734,2144.536,2.828375
1982,735,737,1721.999,3.099663
1983,736,190,3405.000,0.862673
1984,736,698,3102.077,2.964113
1985,736,734,2434.427,2.952681
1986,736,737,2102.919,2.816581
1987,736,866,799.419,4.711183
1988,737,191,4563.000,0.862679
1989,737,733,430.102,4.702368
1990,737,735,1634.376,3.090301
1991,737,736,2073.003,2.816324
1992,737,866,1135.711,4.643056
1993,738,192,472.000,0.862670
1994,738,740,425.487,3.489250
1995,738,742,432.854,3.853938
1996,738,746,573.347,5.816454
1997,738,784,531.852,2.873797
1998,738,920,113.464,5.815538
1999,739,193,29.000,0.862670
2000,739,419,499.753,3.419037
2001,739,740,416.970,3.053305
2002,739,741,600.116,2.687954
2003,739,921,188.710,4.601415
2004,740,194,1084.000,0.862670
2005,740,738,320.822,3.477697
2006,740,739,695.457,3.059134
2007,740,742,658.880,2.649030
2008,740,920,170.009,4.848288
2009,741,195,348.000,0.862670
2010,741,739,120.002,2.684695
2011,741,742,359.947,2.983179
2012,741,743,437.924,4.753088
2013,741,747,1096.680,3.067555
2014,742,196,510.000,0.862670
2015,742,738,148.691,3.852688
2016,742,740,312.227,2.635062
2017,742,741,465.289,3.190224
2018,742,748,1037.542,3.004802
2019,743,197,451.000,0.862670
2020,743,419,196.483,1.627752
2021,743,741,241.302,4.729414
2022,743,744,206.099,5.386027
2023,743,745,527.638,5.391635
2024,743,751,1635.143,4.906211
2025,743,752,864.784,4.765158
2026,743,921,127.527,6.674417
2027,743,922,686.036,6.710504
2028,744,198,1419.000,0.862670
2029,744,743,534.223,5.387675
2030,744,745,3048.642,2.711531
2031,744,922,1637.100,6.088175
2032,745,199,1721.000,0.862670
2033,745,743,317.304,5.388232
2034,745,744,1434.293,2.686005
2035,745,755,4523.249,3.646962
2036,746,200,1468.000,0.862670
2037,746,738,152.784,5.797984
2038,746,748,736.750,3.487146
2039,746,750,977.050,3.631836
2040,746,757,1160.954,5.924560
2041,746,792,1006.743,3.519965
2042,747,201,629.000,0.862670
2043,747,741,285.845,3.050688
2044,747,748,541.881,3.050487
2045,747,749,1297.565,2.880572
2046,747,752,1296.196,3.021400
2047,748,202,810.000,0.862670
2048,748,742,459.069,2.992000
2049,748,746,809.222,3.491520
2050,748,747,1162.280,3.060307
2051,748,750,886.750,2.867649
2052,749,203,1061.000,0.862670
2053,749,747,317.200,2.806266
2054,749,750,572.863,3.053690
2055,749,754,1537.199,2.883002
2056,749,758,1836.658,3.052619
2057,750,204,1030.000,0.862670
2058,750,746,512.861,3.603405
2059,750,748,313.147,2.867010
2060,750,749,1511.169,3.199756
2061,750,759,1182.689,3.788128
2062,751,205,2144.000,0.862670
2063,751,420,489.830,2.501266
2064,751,743,343.067,4.842234
2065,751,753,2672.797,2.752845
2066,751,755,1047.478,3.672740
2067,752,206,308.000,0.862670
2068,752,420,1458.141,0.914422
2069,752,743,279.560,4.688328
2070,752,747,511.327,2.989785
2071,752,754,1165.455,2.857229
2072,753,207,2247.000,0.862671
2073,753,421,1227.434,1.505499
2074,753,751,883.907,2.747772
2075,753,756,2080.721,3.317149
2076,753,762,3310.051,3.348355
2077,754,208,641.000,0.862670
2078,754,421,2201.046,2.238858
2079,754,749,879.734,2.868717
2080,754,752,422.963,2.809493
2081,754,763,1375.136,4.780607
2082,755,209,2993.000,0.862672
2083,755,745,1616.566,2.940359
2084,755,751,1481.920,3.697299
2085,755,756,5870.782,2.987223
2086,756,210,6086.000,0.862700
2087,756,753,2709.315,3.359495
2088,756,755,2117.541,2.909577
2089,756,766,5494.600,3.307161
2090,757,211,1566.000,0.862670
2091,757,746,230.823,5.918270
2092,757,759,531.786,3.701641
2093,757,761,1243.861,3.757534
2094,757,768,1035.002,5.918999
2095,757,800,776.245,2.932510
2096,758,212,324.000,0.862670
2097,758,749,290.451,2.989659
2098,758,759,321.166,3.002766
2099,758,760,1281.507,3.189660
2100,758,763,1124.054,2.992273
2101,759,213,20.000,0.862670
2102,759,750,324.204,2.933493
2103,759,757,515.104,3.700593
2104,759,758,489.709,3.332141
2105,759,761,838.224,2.941551
2106,760,214,687.000,0.862670
2107,760,758,272.590,3.111161
2108,760,761,382.062,2.933950
2109,760,765,1995.357,2.935917
2110,760,769,1268.201,3.895673
2111,761,215,25.000,0.862670
2112,761,757,259.119,3.740981
2113,761,759,124.600,2.928007
2114,761,760,1058.151,2.947834
2115,761,770,1409.925,3.270832
2116,762,216,2637.000,0.862671
2117,762,422,1194.008,0.795973
2118,762,753,1009.213,2.992720
2119,762,763,1670.444,3.016204
2120,762,764,883.917,6.768281
2121,763,217,1282.000,0.862670
2122,763,754,482.301,3.136855
2123,763,758,373.221,2.991499
2124,763,762,1206.887,2.952500
2125,763,765,3431.636,3.013120
2126,764,218,1813.000,0.862670
2127,764,423,1068.650,0.831572
2128,764,762,645.313,3.888410
2129,764,765,806.044,3.056779
2130,764,773,1794.068,3.171296
2131,765,219,3696.000,0.862674
2132,765,760,570.589,2.930576
2133,765,763,1066.411,2.869007
2134,765,764,1846.809,3.091019
2135,765,774,4143.993,2.965529
2136,766,220,2765.000,0.862671
2137,766,422,1530.946,5.564336
2138,766,756,2578.954,3.083299
2139,766,767,5432.466,5.746188
2140,767,221,2142.000,0.862670
2141,767,423,949.400,3.922285
2142,767,766,1613.306,3.092681
2143,767,777,5701.923,3.311792
2144,768,222,2396.000,0.862671
2145,768,584,1191.522,5.981202
2146,768,757,271.233,5.856297
2147,768,770,1099.634,3.852877
2148,768,772,1685.899,4.733366
2149,768,808,843.957,2.928543
2150,769,223,584.000,0.862670
2151,769,760,440.963,2.822578
2152,769,770,494.769,2.868310
2153,769,771,1922.114,3.236795
2154,769,774,911.806,3.366902
2155,770,224,1112.000,0.862670
2156,770,761,324.647,2.928964
2157,770,768,503.078,3.699898
2158,770,769,1208.908,2.891170
2159,770,772,1464.260,3.113344
2160,771,225,937.000,0.862670
2161,771,585,2761.452,3.378440
2162,771,769,490.970,2.871153
2163,771,772,629.018,2.994713
2164,771,776,1971.485,3.098531
2165,772,226,1452.000,0.862670
2166,772,586,2276.477,3.010272
2167,772,768,595.320,3.833414
2168,772,770,364.564,3.111009
2169,772,771,1903.245,3.004030
2170,773,227,1117.000,0.862670
2171,773,424,1467.988,1.157078
2172,773,764,816.299,3.114158
2173,773,774,786.140,3.051293
2174,773,775,2334.925,3.588744
2175,774,228,1790.000,0.862670
2176,774,765,1281.765,2.868546
2177,774,769,686.574,3.152288
2178,774,773,1671.102,3.064550
2179,774,776,3609.504,3.768206
2180,775,229,2600.000,0.862671
2181,775,425,2503.817,2.019001
2182,775,589,2808.230,3.929522
2183,775,773,900.509,2.823963
2184,775,776,1355.550,3.027754
2185,776,230,2135.000,0.862670
2186,776,590,4955.426,3.199934
2187,776,771,930.038,2.937054
2188,776,774,1172.007,2.877017
2189,776,775,2166.621,3.241923
2190,777,231,2464.000,0.862671
2191,777,424,967.622,3.767827
2192,777,767,1681.698,2.953521
2193,777,778,3467.313,4.396094
2194,777,779,3361.328,4.409462
2195,778,232,3298.000,0.862673
2196,778,429,4236.810,2.461820
2197,778,597,697.919,6.490911
2198,778,777,1173.347,3.480062
2199,778,779,1415.946,2.940620
2200,779,233,4335.000,0.862678
2201,779,425,1894.358,1.945690
2202,779,427,3770.140,2.606813
2203,779,777,1118.470,2.976752
2204,779,778,1446.206,2.941230
2205,780,234,512.000,0.862670
2206,780,781,219.283,5.917324
2207,780,785,433.192,5.734776
2208,780,914,448.735,11.557892
2209,780,916,115.605,6.210591
2210,781,235,74.000,0.862670
2211,781,780,253.712,5.917335
2212,781,782,154.907,5.796286
2213,781,786,160.796,5.673345
2214,781,917,62.957,6.219025
2215,782,236,293.000,0.862670
2216,782,781,90.633,5.796281
2217,782,783,152.260,5.978316
2218,782,787,433.791,5.551197
2219,782,917,68.521,6.894081
2220,782,918,25.978,6.391917
2221,783,237,883.000,0.862670
2222,783,782,100.982,5.978311
2223,783,784,203.733,3.908297
2224,783,788,445.302,4.634964
2225,783,789,400.481,4.589390
2226,783,918,36.689,6.726919
2227,783,919,131.607,6.336136
2228,784,238,102.000,0.862670
2229,784,738,526.721,2.873538
2230,784,783,312.645,3.908327
2231,784,792,320.085,5.804124
2232,784,919,153.932,5.770242
2233,785,239,451.000,0.862670
2234,785,780,152.291,5.734012
2235,785,786,229.529,5.856009
2236,785,793,283.103,5.795342
2237,785,914,370.436,7.748520
2238,786,240,133.000,0.862670
2239,786,781,70.281,5.673330
2240,786,785,334.217,5.856043
2241,786,787,245.760,5.856633
2242,786,794,157.244,5.856007
2243,787,241,584.000,0.862670
2244,787,782,124.938,5.551002
2245,787,786,224.800,5.856443
2246,787,789,189.935,4.706896
2247,787,791,360.071,4.977540
2248,787,795,890.431,5.918671
2249,788,242,187.000,0.862670
2250,788,783,222.387,4.629906
2251,788,789,129.427,2.928648
2252,788,790,557.802,2.752874
2253,788,792,306.896,2.728227
2254,789,243,237.000,0.862670
2255,789,783,222.732,4.573438
2256,789,787,236.514,4.727479
2257,789,788,197.563,2.928682
2258,789,791,458.103,2.870741
2259,790,244,1719.000,0.862670
2260,790,788,219.529,2.745189
2261,790,791,541.832,2.931006
2262,790,792,522.416,2.878183
2263,790,796,1450.892,3.113176
2264,791,245,565.000,0.862670
2265,791,787,187.903,4.798835
2266,791,789,156.070,2.867050
2267,791,790,555.476,2.931254
2268,791,797,986.720,3.138173
2269,792,246,417.000,0.862670
2270,792,746,1008.029,3.522370
2271,792,784,108.151,5.795119
2272,792,788,302.118,2.728213
2273,792,790,1092.517,2.893101
2274,792,800,348.903,6.001102
2275,793,247,911.000,0.862670
2276,793,785,144.786,5.795321
2277,793,794,543.544,5.795825
2278,793,801,97.538,5.856321
2279,793,914,623.707,7.321472
2280,794,248,123.000,0.862670
2281,794,786,68.376,5.856000
2282,794,793,498.384,5.795678
2283,794,795,621.031,5.917826
2284,794,802,150.321,5.795325
2285,795,249,2588.000,0.862671
2286,795,787,221.209,5.917315
2287,795,794,422.200,5.917420
2288,795,797,455.346,4.522223
2289,795,799,1199.441,4.772501
2290,795,803,637.840,5.737645
2291,796,250,759.000,0.862670
2292,796,790,581.872,2.992212
2293,796,797,395.604,3.063654
2294,796,798,722.116,3.048089
2295,796,800,564.765,3.428692
2296,797,251,81.000,0.862670
2297,797,791,373.163,3.054194
2298,797,795,703.219,4.549195
2299,797,796,431.130,3.068259
2300,797,799,725.661,3.177496
2301,798,252,393.000,0.862670
2302,798,796,343.896,2.934784
2303,798,799,621.599,3.064023
2304,798,800,549.576,2.933074
2305,798,804,1362.834,3.010600
2306,799,253,1118.000,0.862670
2307,799,795,807.506,4.742601
2308,799,797,308.503,3.054755
2309,799,798,751.672,3.068897
2310,799,805,1910.177,2.810985
2311,800,254,429.000,0.862670
2312,800,757,1272.307,2.944761
2313,800,792,74.577,5.795430
2314,800,796,378.440,2.891479
2315,800,798,676.540,2.984406
2316,800,808,282.475,6.069346
2317,801,255,129.000,0.862670
2318,801,389,138.462,7.509700
2319,801,793,86.837,5.856320
2320,801,802,191.523,5.917075
2321,801,913,98.471,20.898201
2322,802,256,266.000,0.862670
2323,802,388,251.280,4.426345
2324,802,794,62.123,5.795320
2325,802,801,101.000,5.917006
2326,802,803,287.686,5.856154
2327,803,257,1025.000,0.862670
2328,803,709,439.616,6.101175
2329,803,795,355.849,5.734353
2330,803,802,176.631,5.856022
2331,803,805,562.065,4.670245
2332,803,807,483.955,4.797150
2333,804,258,1396.000,0.862670
2334,804,798,641.578,2.992429
2335,804,805,1114.226,2.869267
2336,804,806,1028.007,3.082551
2337,804,808,1802.321,2.953305
2338,805,259,2583.000,0.862671
2339,805,799,1176.156,2.807281
2340,805,803,458.724,4.631922
2341,805,804,1802.789,2.878730
2342,805,807,1087.086,3.028762
2343,806,260,773.000,0.862670
2344,806,710,2241.000,3.144668
2345,806,804,568.866,3.053605
2346,806,807,469.243,2.990359
2347,806,808,809.586,3.016311
2348,807,261,665.000,0.862670
2349,807,711,1054.224,2.758703
2350,807,803,270.305,4.761810
2351,807,805,765.288,2.999233
2352,807,806,920.633,3.009130
2353,808,262,603.000,0.862670
2354,808,584,554.688,7.694486
2355,808,768,2355.779,2.960988
2356,808,800,103.850,5.979669
2357,808,804,772.642,2.842184
2358,808,806,656.487,2.994791
2359,809,263,219.000,0.862670
2360,809,697,1032.612,3.002050
2361,809,810,412.959,2.940773
2362,809,811,219.122,2.989027
2363,809,814,668.739,2.930889
2364,810,264,164.000,0.862670
2365,810,698,735.057,2.875499
2366,810,809,477.988,2.950926
2367,810,812,139.220,2.989621
2368,810,866,271.998,4.576726
2369,811,265,44.000,0.862670
2370,811,809,446.841,2.989458
2371,811,812,208.832,2.867021
2372,811,816,178.828,3.113396
2373,811,817,237.324,2.930576
2374,812,266,39.000,0.862670
2375,812,810,257.747,2.989633
2376,812,811,190.677,2.867015
2377,812,818,270.056,3.113545
2378,812,866,391.329,4.550100
2379,813,267,1592.000,0.862670
2380,813,472,627.360,1.871757
2381,813,473,1652.597,1.577670
2382,813,701,1802.137,3.220321
2383,813,814,710.392,3.055580
2384,814,268,721.000,0.862670
2385,814,702,1825.632,2.961159
2386,814,809,548.077,2.929655
2387,814,813,1137.976,3.056083
2388,814,816,528.435,2.934588
2389,815,269,1005.000,0.862670
2390,815,471,185.856,3.242197
2391,815,472,2250.989,1.514854
2392,815,638,573.308,4.396868
2393,815,821,667.089,2.932769
2394,816,270,530.000,0.862670
2395,816,471,802.919,0.657496
2396,816,811,213.068,3.113402
2397,816,814,991.920,2.944616
2398,816,822,537.121,2.929576
2399,817,271,231.000,0.862670
2400,817,470,464.822,0.617333
2401,817,811,475.958,2.931118
2402,817,818,214.203,2.872836
2403,817,819,447.240,2.989120
2404,818,272,421.000,0.862670
2405,818,812,404.040,3.114168
2406,818,817,211.701,2.872836
2407,818,820,144.554,2.808686
2408,818,869,22.861,4.440870
2409,819,273,1058.000,0.862670
2410,819,469,468.543,0.659879
2411,819,817,778.486,2.990098
2412,819,820,210.548,2.745160
2413,819,829,870.476,2.941274
2414,820,274,18.000,0.862670
2415,820,818,257.143,2.809014
2416,820,819,226.635,2.745214
2417,820,830,112.571,3.051786
2418,820,869,107.422,4.440887
2419,821,275,860.000,0.862670
2420,821,815,1774.881,3.042215
2421,821,822,443.795,2.990707
2422,821,823,905.108,2.929151
2423,821,826,697.744,2.936380
2424,822,276,190.000,0.862670
2425,822,470,195.754,3.196664
2426,822,816,1148.087,2.948179
2427,822,821,546.665,2.992123
2428,822,824,684.341,2.995767
2429,823,277,931.000,0.862670
2430,823,821,1781.322,2.945274
2431,823,824,658.785,2.935715
2432,823,828,599.821,2.928702
2433,823,833,1108.852,2.936839
2434,824,278,841.000,0.862670
2435,824,469,275.227,3.541188
2436,824,822,1204.666,3.048647
2437,824,823,771.923,2.940295
2438,824,834,1096.725,3.050711
2439,825,279,419.000,0.862670
2440,825,638,983.920,3.460641
2441,825,649,964.458,3.128191
2442,825,826,375.904,2.868187
2443,825,827,203.846,3.051400
2444,826,280,134.000,0.862670
2445,826,638,1234.815,3.207514
2446,826,821,586.451,2.935043
2447,826,825,343.536,2.868025
2448,826,828,317.563,3.111297
2449,827,281,75.000,0.862670
2450,827,651,616.435,2.994013
2451,827,825,418.248,3.064613
2452,827,828,350.455,2.930954
2453,827,837,208.380,2.867671
2454,828,282,16.000,0.862670
2455,828,823,490.470,2.928314
2456,828,826,559.971,3.113868
2457,828,827,400.258,2.931245
2458,828,838,272.214,2.910689
2459,829,283,1314.000,0.862670
2460,829,457,527.792,3.086118
2461,829,468,423.943,1.666297
2462,829,819,1141.374,2.947384
2463,829,834,1859.778,2.929661
2464,830,284,227.000,0.862670
2465,830,468,698.171,1.507965
2466,830,820,177.699,3.057910
2467,830,832,191.672,2.876287
2468,830,872,146.712,4.497904
2469,831,285,673.000,0.862670
2470,831,457,667.842,0.702350
2471,831,836,613.733,3.053245
2472,831,845,651.815,4.638759
2473,832,286,102.000,0.862670
2474,832,459,256.856,1.273772
2475,832,830,278.474,2.908379
2476,832,872,32.756,4.399620
2477,833,287,2842.000,0.862671
2478,833,455,779.133,2.146894
2479,833,823,1706.280,2.974610
2480,833,834,2343.703,2.939244
2481,833,838,1177.647,3.105617
2482,834,288,4724.000,0.862681
2483,834,456,1564.665,1.971015
2484,834,824,1631.235,3.051104
2485,834,829,1498.245,2.928699
2486,834,833,2406.805,2.939367
2487,835,289,892.000,0.862670
2488,835,455,842.388,1.185514
2489,835,836,621.922,2.928051
2490,835,840,442.645,2.933823
2491,835,846,257.256,4.379418
2492,836,290,1277.000,0.862670
2493,836,456,921.579,1.134804
2494,836,831,550.799,3.030894
2495,836,835,432.769,2.928012
2496,836,846,116.386,4.419453
2497,837,291,324.000,0.862670
2498,837,827,422.475,2.868001
2499,837,838,925.617,2.812468
2500,837,839,164.392,2.991498
2501,837,842,870.917,3.067064
2502,838,292,348.000,0.862670
2503,838,454,287.805,1.986975
2504,838,828,412.073,3.071630
2505,838,833,1265.578,3.123979
2506,838,837,900.926,2.812077
2507,839,293,257.000,0.862670
2508,839,837,230.382,2.991522
2509,839,840,467.959,2.929956
2510,839,844,429.865,2.933505
2511,839,847,51.004,4.499550
2512,840,294,365.000,0.862670
2513,840,454,498.076,1.203247
2514,840,835,678.792,2.934333
2515,840,839,330.553,2.928968
2516,840,847,74.336,4.598930
2517,841,295,523.000,0.862670
2518,841,453,696.770,1.165804
2519,841,663,935.266,3.052943
2520,841,842,690.790,2.928666
2521,841,843,283.976,2.979499
2522,842,296,626.000,0.862670
2523,842,651,890.857,2.951033
2524,842,837,711.713,3.057948
2525,842,841,970.535,2.930597
2526,842,844,304.990,2.928751
2527,843,297,509.000,0.862670
2528,843,665,815.281,2.940127
2529,843,841,394.380,3.104038
2530,843,844,433.364,3.111203
2531,843,848,44.740,4.575000
2532,844,298,325.000,0.862670
2533,844,839,387.799,2.932504
2534,844,842,450.563,2.931575
2535,844,843,452.889,3.111243
2536,844,848,120.791,4.758001
2537,845,299,666.000,0.862670
2538,845,459,149.978,3.638097
2539,845,467,730.375,2.206869
2540,845,831,809.150,4.806876
2541,845,846,246.608,5.800212
2542,845,875,167.399,5.980809
2543,846,300,118.000,0.862670
2544,846,835,332.839,4.380442
2545,846,836,261.255,4.419529
2546,846,845,256.420,5.800226
2547,846,847,58.879,6.039310
2548,846,856,138.499,5.919894
2549,847,301,166.000,0.862670
2550,847,839,102.466,4.499555
2551,847,840,180.281,4.598948
2552,847,846,108.368,6.039311
2553,847,848,95.294,5.978310
2554,847,857,46.806,5.796280
2555,848,302,33.000,0.862670
2556,848,447,198.383,3.813354
2557,848,843,126.809,4.575011
2558,848,844,242.824,4.758017
2559,848,847,110.962,5.978310
2560,848,858,190.643,5.673344
2561,849,303,1315.000,0.862670
2562,849,447,478.016,2.161916
2563,849,664,978.376,4.458680
2564,849,665,379.201,4.590825
2565,849,851,377.334,4.553445
2566,849,853,92.043,4.514001
2567,849,859,80.535,5.736920
2568,850,304,267.000,0.862670
2569,850,668,856.387,2.989588
2570,850,851,588.358,2.867994
2571,850,852,64.393,2.806660
2572,850,854,405.322,2.673857
2573,851,305,633.000,0.862670
2574,851,669,1543.899,2.933270
2575,851,849,465.169,4.554578
2576,851,850,413.414,2.867734
2577,851,853,132.786,2.867676
2578,852,306,29.000,0.862670
2579,852,850,189.624,2.806674
2580,852,853,160.243,2.989018
2581,852,854,201.302,2.819719
2582,852,860,215.277,4.476010
2583,853,307,80.000,0.862670
2584,853,849,257.279,4.514076
2585,853,851,328.748,2.868643
2586,853,852,90.726,2.989002
2587,853,860,89.666,4.576631
2588,854,308,70.000,0.862670
2589,854,670,186.338,5.934432
2590,854,850,725.225,2.676420
2591,854,852,291.192,2.857115
2592,854,861,44.314,5.734053
2593,854,905,587.152,5.024099
2594,854,907,183.563,4.184625
2595,855,309,678.000,0.862670
2596,855,466,1087.666,2.104096
2597,855,467,1135.487,3.816528
2598,855,856,217.839,5.797898
2599,855,878,234.792,5.917379
2600,856,310,5.000,0.862670
2601,856,846,181.275,5.920019
2602,856,855,405.033,5.797982
2603,856,857,111.802,5.980802
2604,856,863,81.063,5.922032
2605,857,311,6.000,0.862670
2606,857,847,67.034,5.796280
2607,857,856,308.773,5.980901
2608,857,858,109.949,5.919831
2609,857,885,63.806,6.224690
2610,858,312,223.000,0.862670
2611,858,446,454.364,1.418822
2612,858,848,342.399,5.673474
2613,858,857,305.483,5.919925
2614,858,886,229.095,6.423564
2615,859,313,62.000,0.862670
2616,859,446,261.602,4.744690
2617,859,849,183.984,5.736921
2618,859,860,59.715,5.734000
2619,859,887,52.849,6.470600
2620,860,314,244.000,0.862670
2621,860,852,208.135,4.475999
2622,860,853,217.348,4.576669
2623,860,859,224.920,5.734009
2624,860,861,77.530,3.662030
2625,860,888,22.746,6.258080
2626,861,315,8.000,0.862670
2627,861,854,91.040,5.734946
2628,861,860,116.612,3.662033
2629,861,888,58.413,6.785270
2630,861,907,159.998,4.659311
2631,861,910,39.461,6.751191
2632,862,316,405.000,0.862670
2633,862,465,495.285,4.474529
2634,862,466,550.178,3.972117
2635,862,863,165.929,5.920503
2636,862,889,39.644,6.285697
2637,863,317,23.000,0.862670
2638,863,856,79.061,5.922032
2639,863,862,292.685,5.926346
2640,863,885,154.948,5.926447
2641,863,890,92.641,6.345171
2642,864,318,578.000,0.862670
2643,864,732,197.344,6.222006
2644,864,865,633.292,5.639122
2645,864,867,62.851,6.040233
2646,864,913,48.754,16.399099
2647,865,319,497.000,0.862670
2648,865,733,604.937,5.859048
2649,865,864,344.836,5.638819
2650,865,866,687.354,6.186196
2651,865,868,120.415,6.171663
2652,866,320,2303.000,0.862671
2653,866,736,1277.504,4.721798
2654,866,737,1558.450,4.824578
2655,866,810,547.800,4.578213
2656,866,812,348.718,4.544208
2657,866,865,327.563,5.996117
2658,866,868,244.767,8.154127
2659,866,869,130.776,6.046707
2660,867,321,166.000,0.862670
2661,867,864,126.953,6.040276
2662,867,868,262.071,5.810737
2663,867,870,21.097,5.857270
2664,868,322,315.000,0.862670
2665,868,865,175.998,6.182755
2666,868,866,503.517,8.168788
2667,868,867,151.223,5.810713
2668,868,869,66.076,5.980801
2669,868,871,117.212,6.224694
2670,869,323,7.000,0.862670
2671,869,818,37.754,4.440870
2672,869,820,93.970,4.440880
2673,869,866,305.250,6.046902
2674,869,868,63.249,5.980801
2675,869,872,69.975,5.857270
2676,870,324,45.000,0.862670
2677,870,867,65.047,5.857273
2678,870,871,71.078,5.856320
2679,871,325,9.000,0.862670
2680,871,868,238.522,6.224767
2681,871,870,32.028,5.856320
2682,871,872,37.032,5.919830
2683,871,874,180.010,5.917334
2684,872,326,0.000,0.862670
2685,872,460,218.908,4.805091
2686,872,830,245.916,4.497931
2687,872,832,34.711,4.399620
2688,872,869,183.063,5.857295
2689,872,871,26.245,5.919830
2690,873,327,9.000,0.862670
2691,873,462,49.202,3.261081
2692,873,874,43.298,5.795000
2693,874,328,721.000,0.862670
2694,874,461,299.329,2.428723
2695,874,871,240.057,5.917386
2696,874,873,36.082,5.795000
2697,874,875,177.788,5.810713
2698,875,329,379.000,0.862670
2699,875,460,477.784,1.099747
2700,875,845,148.304,5.980805
2701,875,874,293.081,5.810735
2702,875,878,151.267,5.739641
2703,876,330,580.000,0.862670
2704,876,462,53.754,2.740251
2705,876,877,139.065,5.806614
2706,876,879,2.431,6.161300
2707,877,331,900.000,0.862670
2708,877,461,656.777,3.943617
2709,877,876,444.616,5.813273
2710,877,878,282.098,5.751779
2711,877,880,63.552,5.734001
2712,878,332,476.000,0.862670
2713,878,855,222.115,5.917366
2714,878,875,347.665,5.751768
2715,878,877,446.204,5.780488
2716,878,881,122.245,6.224690
2717,879,333,6.000,0.862670
2718,879,876,69.775,6.161322
2719,879,880,9.486,5.856320
2720,879,882,0.000,5.917000
2721,880,334,45.000,0.862670
2722,880,877,202.548,5.734091
2723,880,879,17.370,5.856321
2724,880,881,63.495,5.871551
2725,880,883,9.243,5.856320
2726,881,335,366.000,0.862670
2727,881,465,308.520,1.543204
2728,881,878,224.072,6.224696
2729,881,880,104.937,5.871553
2730,881,884,73.553,6.101221
2731,882,336,0.000,0.862670
2732,882,879,19.461,5.917000
2733,882,883,2.406,5.796280
2734,883,337,12.000,0.862670
2735,883,464,10.243,2.788040
2736,883,880,30.680,5.856321
2737,883,882,0.867,5.796280
2738,884,338,96.000,0.862670
2739,884,464,42.334,3.361650
2740,884,881,198.355,6.101238
2741,884,889,33.023,5.919830
2742,885,339,12.000,0.862670
2743,885,445,62.934,4.736451
2744,885,857,55.472,6.224690
2745,885,863,226.771,5.955822
2746,885,892,180.860,6.953590
2747,886,340,207.000,0.862670
2748,886,445,200.177,1.642876
2749,886,858,401.855,6.423600
2750,886,887,66.308,5.734266
2751,886,892,684.219,5.857809
2752,887,341,5.000,0.862670
2753,887,859,89.356,6.470601
2754,887,886,226.360,5.770130
2755,887,888,57.853,6.595062
2756,887,893,68.216,5.796581
2757,888,342,85.000,0.862670
2758,888,860,137.408,6.258082
2759,888,861,122.159,6.785271
2760,888,887,122.938,6.595105
2761,888,894,41.017,5.796282
2762,888,910,67.358,6.251832
2763,889,343,29.000,0.862670
2764,889,862,103.585,6.287396
2765,889,884,33.885,5.919830
2766,889,895,13.176,7.153660
2767,890,344,24.000,0.862670
2768,890,863,57.571,6.345170
2769,890,891,185.118,6.265423
2770,890,896,8.477,6.893270
2771,891,345,179.000,0.862670
2772,891,890,64.227,6.264336
2773,891,896,24.252,7.393846
2774,891,897,776.578,4.741602
2775,891,899,41.714,6.000683
2776,892,346,2096.000,0.862670
2777,892,885,97.297,6.937272
2778,892,886,500.268,5.724643
2779,892,897,1790.710,10.865938
2780,893,347,114.000,0.862670
2781,893,887,162.690,5.806026
2782,893,894,99.853,6.595066
2783,893,898,272.643,6.246494
2784,893,901,18.287,9.532603
2785,894,348,93.000,0.862670
2786,894,888,157.504,5.796815
2787,894,893,126.711,6.595076
2788,894,910,98.637,8.847010
2789,895,349,17.000,0.862670
2790,895,889,28.979,7.153672
2791,895,896,70.176,6.294016
2792,896,350,52.000,0.862670
2793,896,890,10.299,6.893270
2794,896,891,170.173,7.408721
2795,896,895,9.979,6.293650
2796,896,899,58.862,7.722203
2797,897,351,3336.000,0.862673
2798,897,443,332.468,1.039338
2799,897,891,177.506,4.691188
2800,897,892,1457.196,7.164530
2801,897,899,60.336,5.471504
2802,898,352,343.000,0.862670
2803,898,442,118.640,6.253912
2804,898,443,790.709,7.406964
2805,898,893,183.345,6.246236
2806,898,900,76.713,4.678355
2807,899,353,80.000,0.862670
2808,899,442,46.600,1.544418
2809,899,891,52.973,6.000687
2810,899,896,14.408,7.721981
2811,899,897,288.783,5.562655
2812,900,354,77.000,0.862670
2813,900,898,293.799,4.679383
2814,900,901,46.779,6.584116
2815,901,355,65.000,0.862670
2816,901,893,30.201,9.532619
2817,901,900,129.865,6.588534
2818,902,356,16930.000,0.864441
2819,902,513,928.881,3.142507
2820,902,541,2769.672,4.625131
2821,902,542,5641.272,2.193213
2822,902,660,5180.344,4.386878
2823,902,661,3487.132,4.299016
2824,902,670,395.855,7.337989
2825,903,357,9445.000,0.862842
2826,903,514,968.434,2.566904
2827,903,516,1583.532,7.219000
2828,903,542,9295.359,4.601120
2829,903,543,765.750,0.907142
2830,903,544,2223.338,3.301931
2831,904,358,3052.000,0.862672
2832,904,544,2945.190,2.565027
2833,904,906,1193.809,5.733066
2834,905,359,3716.000,0.862674
2835,905,513,2311.382,6.066374
2836,905,514,1234.237,6.745795
2837,905,670,1137.741,5.909689
2838,905,854,677.571,5.092161
2839,905,906,1254.071,7.782725
2840,905,907,439.428,5.689101
2841,906,360,5103.000,0.862685
2842,906,516,2399.438,1.124106
2843,906,904,1125.207,5.732169
2844,906,905,1052.688,7.764858
2845,906,908,1016.066,6.009556
2846,906,909,77.820,6.318737
2847,906,931,81.000,22.656641
2848,907,361,370.000,0.862670
2849,907,854,398.381,4.184725
2850,907,861,100.228,4.659234
2851,907,905,964.198,5.690230
2852,907,908,639.851,5.616723
2853,907,910,50.781,8.911220
2854,908,362,2013.000,0.862670
2855,908,517,226.341,1.642497
2856,908,906,1969.365,6.093422
2857,908,907,665.414,5.617019
2858,908,911,241.185,8.926987
2859,908,912,18.120,8.005890
2860,909,363,172.000,0.862670
2861,909,517,181.222,4.313368
2862,909,906,371.992,6.322315
2863,909,912,26.269,6.629100
2864,910,364,165.000,0.862670
2865,910,861,95.292,6.751207
2866,910,888,69.365,6.251832
2867,910,894,34.981,8.845032
2868,910,907,212.036,8.911289
2869,910,911,287.537,4.700572
2870,911,365,531.000,0.862670
2871,911,518,68.825,3.627320
2872,911,908,629.196,8.932242
2873,911,910,176.974,4.700562
2874,912,366,55.000,0.862670
2875,912,518,63.933,2.166140
2876,912,908,71.937,8.005897
2877,912,909,75.445,6.629106
2878,913,367,1238.000,0.862670
2879,913,417,697.117,3.127848
2880,913,708,67.164,16.732500
2881,913,714,202.059,11.385019
2882,913,720,480.287,7.755204
2883,913,726,773.306,7.534518
2884,913,801,72.288,20.898199
2885,913,864,64.663,16.399101
2886,914,368,1692.000,0.862670
2887,914,389,204.998,3.301922
2888,914,780,105.087,11.553514
2889,914,785,191.164,7.748000
2890,914,793,568.252,7.318247
2891,914,915,7.808,15.389900
2892,915,369,102.000,0.862670
2893,915,914,108.764,15.395069
2894,915,916,162.995,5.865920
2895,916,370,193.000,0.862670
2896,916,780,433.725,6.735180
2897,916,915,98.950,5.857347
2898,916,917,240.301,5.797899
2899,917,371,190.000,0.862670
2900,917,781,149.176,6.219472
2901,917,782,311.766,6.894201
2902,917,916,148.377,5.795422
2903,917,918,148.274,6.107376
2904,918,372,180.000,0.862670
2905,918,782,121.588,6.395263
2906,918,783,261.296,6.802148
2907,918,917,68.813,6.100628
2908,918,919,219.950,5.978415
2909,919,373,512.000,0.862670
2910,919,783,407.476,6.341256
2911,919,784,385.646,5.770720
2912,919,918,114.705,5.978031
2913,919,920,544.086,5.734931
2914,919,924,101.000,8.538823
2915,920,374,492.000,0.862670
2916,920,738,300.986,5.816924
2917,920,740,674.483,4.857656
2918,920,919,322.424,5.734115
2919,920,921,662.539,6.012441
2920,921,375,402.000,0.862670
2921,921,418,1063.418,2.366010
2922,921,739,622.105,4.607821
2923,921,743,363.838,6.674859
2924,921,920,240.874,5.978907
2925,922,376,3263.000,0.862672
2926,922,418,977.105,4.289314
2927,922,743,1697.820,14.589721
2928,922,744,2725.573,13.227978
2929,923,377,1323.000,0.862670
2930,923,418,1507.000,10.404563
2931,924,378,101.000,0.862670
2932,924,919,129.000,8.539044
2933,925,379,1287.000,0.862670
2934,925,390,1147.000,7.072425
2935,926,380,210.000,0.862670
2936,926,417,315.000,6.520225
2937,927,381,1529.000,0.862670
2938,927,462,1876.000,7.822464
2939,928,382,1716.000,0.862670
2940,928,463,1555.000,16.751331
2941,929,383,617.000,0.862670
2942,929,442,699.000,32.889648
2943,930,384,0.000,0.862670
2944,930,518,0.000,38.355801
2945,931,385,81.000,0.862670
2946,931,906,130.000,22.669830
2947,932,386,15.000,0.862670
2948,932,515,15.000,10.442600
2949,933,387,5356.000,0.862688
2950,933,534,5736.000,12.716496
